person_id,email,display_name,status,roles,licenses,location_id,webex_calling_enabled
Y2lzY29zcGFyazovL3VzL1BFT1BMRS82NzNhMThmMC04Mzg5LTQyYjEtYTgwOS1iODE4M2I1ODJjZTM,admin@jmareschlop-6xlr.wbx.ai,admin@jmareschlop-6xlr.wbx.ai,active,Y2lzY29zcGFyazovL3VzL1JPTEUvaWRfZnVsbF9hZG1pbg,Y2lzY29zcGFyazovL3VzL0xJQ0VOU0UvZTVmN2Q5NzMtYjI2OS00Njg2LTk5N2UtNDUxMTkxNjhjZWQyOkZUQ19hMjQ3MzgyOC1hOTgwLTQ3MmYtODE5ZC02YjljY2UwOGU5MmI;Y2lzY29zcGFyazovL3VzL0xJQ0VOU0UvZTVmN2Q5NzMtYjI2OS00Njg2LTk5N2UtNDUxMTkxNjhjZWQyOkZNU185ZWNhNzgxNC0zMzEzLTQ2NGYtOTY0Mi0wMjM5ODc1YmM5Zjg;Y2lzY29zcGFyazovL3VzL0xJQ0VOU0UvZTVmN2Q5NzMtYjI2OS00Njg2LTk5N2UtNDUxMTkxNjhjZWQyOkZTU18xYjcyOGZmOS03ZGU4LTRjYjctOTU0MC0yOTMyMGI1YTQyY2I;Y2lzY29zcGFyazovL3VzL0xJQ0VOU0UvZTVmN2Q5NzMtYjI2OS00Njg2LTk5N2UtNDUxMTkxNjhjZWQyOldBTV8xN2NkYzJmYy0wZDExLTQ3YmUtYWU3Yy1iZjc1OGYzZDIxYjI;Y2lzY29zcGFyazovL3VzL0xJQ0VOU0UvZTVmN2Q5NzMtYjI2OS00Njg2LTk5N2UtNDUxMTkxNjhjZWQyOkZUTV9mNWZkZTM1Zi00NzA0LTQ2MGEtODEwZi00YzVkMzUyNDFlNjk;Y2lzY29zcGFyazovL3VzL0xJQ0VOU0UvZTVmN2Q5NzMtYjI2OS00Njg2LTk5N2UtNDUxMTkxNjhjZWQyOk1TXzVhYjk0OTBlLTRjMmQtNDExMi1iNjQ4LTVmZTg2MTAzZDBiOA;Y2lzY29zcGFyazovL3VzL0xJQ0VOU0UvZTVmN2Q5NzMtYjI2OS00Njg2LTk5N2UtNDUxMTkxNjhjZWQyOlJUVF9lMjIyYWY1My05ZWJiLTQ3ZTEtOWMyYS04ZGIzNDQ3OTkxNTY;Y2lzY29zcGFyazovL3VzL0xJQ0VOU0UvZTVmN2Q5NzMtYjI2OS00Njg2LTk5N2UtNDUxMTkxNjhjZWQyOkVFX2NkYzUxNWNlLWU4MjEtNGEwNC04NzUyLTJkMDQzZjA3NjQyY19qbWFyZXNjaGxvcC02eGxyLndlYmV4LmNvbQ;Y2lzY29zcGFyazovL3VzL0xJQ0VOU0UvZTVmN2Q5NzMtYjI2OS00Njg2LTk5N2UtNDUxMTkxNjhjZWQyOkNGX2IzMmJkMDAwLTIwYTYtNGMwZC1hYWU2LTRlZDUyZWVlMTNkYg,,False
Y2lzY29zcGFyazovL3VzL1BFT1BMRS8xZWZiZjQ1Ny0zZWRkLTQ0MDUtYWNhYi1hNGZjMjY4ZmMyM2I,ana.fernndez.20260208112641.0891@lab.example.com,Ana Fernández,unknown,,Y2lzY29zcGFyazovL3VzL0xJQ0VOU0UvZTVmN2Q5NzMtYjI2OS00Njg2LTk5N2UtNDUxMTkxNjhjZWQyOkZUQ19hMjQ3MzgyOC1hOTgwLTQ3MmYtODE5ZC02YjljY2UwOGU5MmI;Y2lzY29zcGFyazovL3VzL0xJQ0VOU0UvZTVmN2Q5NzMtYjI2OS00Njg2LTk5N2UtNDUxMTkxNjhjZWQyOkZNU185ZWNhNzgxNC0zMzEzLTQ2NGYtOTY0Mi0wMjM5ODc1YmM5Zjg;Y2lzY29zcGFyazovL3VzL0xJQ0VOU0UvZTVmN2Q5NzMtYjI2OS00Njg2LTk5N2UtNDUxMTkxNjhjZWQyOkZTU18xYjcyOGZmOS03ZGU4LTRjYjctOTU0MC0yOTMyMGI1YTQyY2I;Y2lzY29zcGFyazovL3VzL0xJQ0VOU0UvZTVmN2Q5NzMtYjI2OS00Njg2LTk5N2UtNDUxMTkxNjhjZWQyOkJDU1REX2UwZjY1MTNmLTFhYWEtNDU4Yi05OGE2LTllNWZkMDcyNzU2OA;Y2lzY29zcGFyazovL3VzL0xJQ0VOU0UvZTVmN2Q5NzMtYjI2OS00Njg2LTk5N2UtNDUxMTkxNjhjZWQyOkZUTV9mNWZkZTM1Zi00NzA0LTQ2MGEtODEwZi00YzVkMzUyNDFlNjk;Y2lzY29zcGFyazovL3VzL0xJQ0VOU0UvZTVmN2Q5NzMtYjI2OS00Njg2LTk5N2UtNDUxMTkxNjhjZWQyOk1TXzVhYjk0OTBlLTRjMmQtNDExMi1iNjQ4LTVmZTg2MTAzZDBiOA;Y2lzY29zcGFyazovL3VzL0xJQ0VOU0UvZTVmN2Q5NzMtYjI2OS00Njg2LTk5N2UtNDUxMTkxNjhjZWQyOlJUVF9lMjIyYWY1My05ZWJiLTQ3ZTEtOWMyYS04ZGIzNDQ3OTkxNTY;Y2lzY29zcGFyazovL3VzL0xJQ0VOU0UvZTVmN2Q5NzMtYjI2OS00Njg2LTk5N2UtNDUxMTkxNjhjZWQyOkVFX2NkYzUxNWNlLWU4MjEtNGEwNC04NzUyLTJkMDQzZjA3NjQyY19qbWFyZXNjaGxvcC02eGxyLndlYmV4LmNvbQ,,False
Y2lzY29zcGFyazovL3VzL1BFT1BMRS9iYzliYjY2OC0xY2FlLTQ4YjItODcyYy01MDg5ZDRkNGI3ZWI,ana.torres.20260208111935.2013@lab.example.com,Ana Torres,unknown,,Y2lzY29zcGFyazovL3VzL0xJQ0VOU0UvZTVmN2Q5NzMtYjI2OS00Njg2LTk5N2UtNDUxMTkxNjhjZWQyOkZUQ19hMjQ3MzgyOC1hOTgwLTQ3MmYtODE5ZC02YjljY2UwOGU5MmI;Y2lzY29zcGFyazovL3VzL0xJQ0VOU0UvZTVmN2Q5NzMtYjI2OS00Njg2LTk5N2UtNDUxMTkxNjhjZWQyOkZNU185ZWNhNzgxNC0zMzEzLTQ2NGYtOTY0Mi0wMjM5ODc1YmM5Zjg;Y2lzY29zcGFyazovL3VzL0xJQ0VOU0UvZTVmN2Q5NzMtYjI2OS00Njg2LTk5N2UtNDUxMTkxNjhjZWQyOkZTU18xYjcyOGZmOS03ZGU4LTRjYjctOTU0MC0yOTMyMGI1YTQyY2I;Y2lzY29zcGFyazovL3VzL0xJQ0VOU0UvZTVmN2Q5NzMtYjI2OS00Njg2LTk5N2UtNDUxMTkxNjhjZWQyOkJDU1REX2UwZjY1MTNmLTFhYWEtNDU4Yi05OGE2LTllNWZkMDcyNzU2OA;Y2lzY29zcGFyazovL3VzL0xJQ0VOU0UvZTVmN2Q5NzMtYjI2OS00Njg2LTk5N2UtNDUxMTkxNjhjZWQyOkZUTV9mNWZkZTM1Zi00NzA0LTQ2MGEtODEwZi00YzVkMzUyNDFlNjk,,False
Y2lzY29zcGFyazovL3VzL1BFT1BMRS8yNTgxMzQ0Ny05MjA2LTQ1ODYtOTVhNC01YWM1NzliYzAwOGE,ana.torres.20260208112641.2493@lab.example.com,Ana Torres,unknown,,Y2lzY29zcGFyazovL3VzL0xJQ0VOU0UvZTVmN2Q5NzMtYjI2OS00Njg2LTk5N2UtNDUxMTkxNjhjZWQyOkZUQ19hMjQ3MzgyOC1hOTgwLTQ3MmYtODE5ZC02YjljY2UwOGU5MmI;Y2lzY29zcGFyazovL3VzL0xJQ0VOU0UvZTVmN2Q5NzMtYjI2OS00Njg2LTk5N2UtNDUxMTkxNjhjZWQyOkZNU185ZWNhNzgxNC0zMzEzLTQ2NGYtOTY0Mi0wMjM5ODc1YmM5Zjg;Y2lzY29zcGFyazovL3VzL0xJQ0VOU0UvZTVmN2Q5NzMtYjI2OS00Njg2LTk5N2UtNDUxMTkxNjhjZWQyOkZTU18xYjcyOGZmOS03ZGU4LTRjYjctOTU0MC0yOTMyMGI1YTQyY2I;Y2lzY29zcGFyazovL3VzL0xJQ0VOU0UvZTVmN2Q5NzMtYjI2OS00Njg2LTk5N2UtNDUxMTkxNjhjZWQyOkZUTV9mNWZkZTM1Zi00NzA0LTQ2MGEtODEwZi00YzVkMzUyNDFlNjk,,False
Y2lzY29zcGFyazovL3VzL1BFT1BMRS9jYWRiNGQ2MC1kNmU1LTRiYzgtYjFhNi1lYzZkYzg2NmJhYmM,carlos.fernndez.20260208111931.3690@lab.example.com,Carlos Fernández,unknown,,Y2lzY29zcGFyazovL3VzL0xJQ0VOU0UvZTVmN2Q5NzMtYjI2OS00Njg2LTk5N2UtNDUxMTkxNjhjZWQyOkZUQ19hMjQ3MzgyOC1hOTgwLTQ3MmYtODE5ZC02YjljY2UwOGU5MmI;Y2lzY29zcGFyazovL3VzL0xJQ0VOU0UvZTVmN2Q5NzMtYjI2OS00Njg2LTk5N2UtNDUxMTkxNjhjZWQyOkZNU185ZWNhNzgxNC0zMzEzLTQ2NGYtOTY0Mi0wMjM5ODc1YmM5Zjg;Y2lzY29zcGFyazovL3VzL0xJQ0VOU0UvZTVmN2Q5NzMtYjI2OS00Njg2LTk5N2UtNDUxMTkxNjhjZWQyOkZTU18xYjcyOGZmOS03ZGU4LTRjYjctOTU0MC0yOTMyMGI1YTQyY2I;Y2lzY29zcGFyazovL3VzL0xJQ0VOU0UvZTVmN2Q5NzMtYjI2OS00Njg2LTk5N2UtNDUxMTkxNjhjZWQyOkZUTV9mNWZkZTM1Zi00NzA0LTQ2MGEtODEwZi00YzVkMzUyNDFlNjk,,False
Y2lzY29zcGFyazovL3VzL1BFT1BMRS8wZWRlNmUwNS1iNTk2LTQwOTktYTA5ZC0yNmJlODdlMDUzNzY,carlos.garca.20260208111342.3601@lab.example.com,Carlos García,unknown,,Y2lzY29zcGFyazovL3VzL0xJQ0VOU0UvZTVmN2Q5NzMtYjI2OS00Njg2LTk5N2UtNDUxMTkxNjhjZWQyOkZUQ19hMjQ3MzgyOC1hOTgwLTQ3MmYtODE5ZC02YjljY2UwOGU5MmI;Y2lzY29zcGFyazovL3VzL0xJQ0VOU0UvZTVmN2Q5NzMtYjI2OS00Njg2LTk5N2UtNDUxMTkxNjhjZWQyOkZNU185ZWNhNzgxNC0zMzEzLTQ2NGYtOTY0Mi0wMjM5ODc1YmM5Zjg;Y2lzY29zcGFyazovL3VzL0xJQ0VOU0UvZTVmN2Q5NzMtYjI2OS00Njg2LTk5N2UtNDUxMTkxNjhjZWQyOkZTU18xYjcyOGZmOS03ZGU4LTRjYjctOTU0MC0yOTMyMGI1YTQyY2I;Y2lzY29zcGFyazovL3VzL0xJQ0VOU0UvZTVmN2Q5NzMtYjI2OS00Njg2LTk5N2UtNDUxMTkxNjhjZWQyOkZUTV9mNWZkZTM1Zi00NzA0LTQ2MGEtODEwZi00YzVkMzUyNDFlNjk,,False
Y2lzY29zcGFyazovL3VzL1BFT1BMRS8zYmJhNTYxNi1hMjlhLTRmNjktOTBjNy0zMDcyMTM2NjA3ZDA,diego.fernndez.20260208112531.0024@lab.example.com,Diego Fernández,unknown,,Y2lzY29zcGFyazovL3VzL0xJQ0VOU0UvZTVmN2Q5NzMtYjI2OS00Njg2LTk5N2UtNDUxMTkxNjhjZWQyOkZUQ19hMjQ3MzgyOC1hOTgwLTQ3MmYtODE5ZC02YjljY2UwOGU5MmI;Y2lzY29zcGFyazovL3VzL0xJQ0VOU0UvZTVmN2Q5NzMtYjI2OS00Njg2LTk5N2UtNDUxMTkxNjhjZWQyOkZNU185ZWNhNzgxNC0zMzEzLTQ2NGYtOTY0Mi0wMjM5ODc1YmM5Zjg;Y2lzY29zcGFyazovL3VzL0xJQ0VOU0UvZTVmN2Q5NzMtYjI2OS00Njg2LTk5N2UtNDUxMTkxNjhjZWQyOkZTU18xYjcyOGZmOS03ZGU4LTRjYjctOTU0MC0yOTMyMGI1YTQyY2I;Y2lzY29zcGFyazovL3VzL0xJQ0VOU0UvZTVmN2Q5NzMtYjI2OS00Njg2LTk5N2UtNDUxMTkxNjhjZWQyOkZUTV9mNWZkZTM1Zi00NzA0LTQ2MGEtODEwZi00YzVkMzUyNDFlNjk,,False
Y2lzY29zcGFyazovL3VzL1BFT1BMRS9mYzNiZGJmZi0wM2YxLTQzMTctOGU5My02OGVjN2NmNGJlMjk,diego.garca.20260208111909.0819@lab.example.com,Diego García,unknown,,Y2lzY29zcGFyazovL3VzL0xJQ0VOU0UvZTVmN2Q5NzMtYjI2OS00Njg2LTk5N2UtNDUxMTkxNjhjZWQyOkZUQ19hMjQ3MzgyOC1hOTgwLTQ3MmYtODE5ZC02YjljY2UwOGU5MmI;Y2lzY29zcGFyazovL3VzL0xJQ0VOU0UvZTVmN2Q5NzMtYjI2OS00Njg2LTk5N2UtNDUxMTkxNjhjZWQyOkZNU185ZWNhNzgxNC0zMzEzLTQ2NGYtOTY0Mi0wMjM5ODc1YmM5Zjg;Y2lzY29zcGFyazovL3VzL0xJQ0VOU0UvZTVmN2Q5NzMtYjI2OS00Njg2LTk5N2UtNDUxMTkxNjhjZWQyOkZTU18xYjcyOGZmOS03ZGU4LTRjYjctOTU0MC0yOTMyMGI1YTQyY2I;Y2lzY29zcGFyazovL3VzL0xJQ0VOU0UvZTVmN2Q5NzMtYjI2OS00Njg2LTk5N2UtNDUxMTkxNjhjZWQyOkZUTV9mNWZkZTM1Zi00NzA0LTQ2MGEtODEwZi00YzVkMzUyNDFlNjk,,False
Y2lzY29zcGFyazovL3VzL1BFT1BMRS81MjYxMWNkMS1jMTJmLTQxNjgtODc1My04MDdmODJiOTYwNGQ,diego.garca.20260208114331.2341@lab.example.com,Diego García,unknown,,Y2lzY29zcGFyazovL3VzL0xJQ0VOU0UvZTVmN2Q5NzMtYjI2OS00Njg2LTk5N2UtNDUxMTkxNjhjZWQyOkZUQ19hMjQ3MzgyOC1hOTgwLTQ3MmYtODE5ZC02YjljY2UwOGU5MmI;Y2lzY29zcGFyazovL3VzL0xJQ0VOU0UvZTVmN2Q5NzMtYjI2OS00Njg2LTk5N2UtNDUxMTkxNjhjZWQyOkZNU185ZWNhNzgxNC0zMzEzLTQ2NGYtOTY0Mi0wMjM5ODc1YmM5Zjg;Y2lzY29zcGFyazovL3VzL0xJQ0VOU0UvZTVmN2Q5NzMtYjI2OS00Njg2LTk5N2UtNDUxMTkxNjhjZWQyOkZTU18xYjcyOGZmOS03ZGU4LTRjYjctOTU0MC0yOTMyMGI1YTQyY2I;Y2lzY29zcGFyazovL3VzL0xJQ0VOU0UvZTVmN2Q5NzMtYjI2OS00Njg2LTk5N2UtNDUxMTkxNjhjZWQyOkZUTV9mNWZkZTM1Zi00NzA0LTQ2MGEtODEwZi00YzVkMzUyNDFlNjk,,False
Y2lzY29zcGFyazovL3VzL1BFT1BMRS84ZDg3OGMxMS1kMGUzLTRiZjAtOGNkYy0zYjIwNDlkYjBkNzE,diego.garca.20260208114331.3116@lab.example.com,Diego García,unknown,,Y2lzY29zcGFyazovL3VzL0xJQ0VOU0UvZTVmN2Q5NzMtYjI2OS00Njg2LTk5N2UtNDUxMTkxNjhjZWQyOkZUQ19hMjQ3MzgyOC1hOTgwLTQ3MmYtODE5ZC02YjljY2UwOGU5MmI;Y2lzY29zcGFyazovL3VzL0xJQ0VOU0UvZTVmN2Q5NzMtYjI2OS00Njg2LTk5N2UtNDUxMTkxNjhjZWQyOkZNU185ZWNhNzgxNC0zMzEzLTQ2NGYtOTY0Mi0wMjM5ODc1YmM5Zjg;Y2lzY29zcGFyazovL3VzL0xJQ0VOU0UvZTVmN2Q5NzMtYjI2OS00Njg2LTk5N2UtNDUxMTkxNjhjZWQyOkZTU18xYjcyOGZmOS03ZGU4LTRjYjctOTU0MC0yOTMyMGI1YTQyY2I;Y2lzY29zcGFyazovL3VzL0xJQ0VOU0UvZTVmN2Q5NzMtYjI2OS00Njg2LTk5N2UtNDUxMTkxNjhjZWQyOkZUTV9mNWZkZTM1Zi00NzA0LTQ2MGEtODEwZi00YzVkMzUyNDFlNjk,,False
Y2lzY29zcGFyazovL3VzL1BFT1BMRS8yNDBkMjVhNS1jMzBlLTQxODYtYjM4Mi03M2VlN2ZlMDJhNWI,diego.lpez.20260208112923.1821@lab.example.com,Diego López,unknown,,Y2lzY29zcGFyazovL3VzL0xJQ0VOU0UvZTVmN2Q5NzMtYjI2OS00Njg2LTk5N2UtNDUxMTkxNjhjZWQyOkZUQ19hMjQ3MzgyOC1hOTgwLTQ3MmYtODE5ZC02YjljY2UwOGU5MmI;Y2lzY29zcGFyazovL3VzL0xJQ0VOU0UvZTVmN2Q5NzMtYjI2OS00Njg2LTk5N2UtNDUxMTkxNjhjZWQyOkZNU185ZWNhNzgxNC0zMzEzLTQ2NGYtOTY0Mi0wMjM5ODc1YmM5Zjg;Y2lzY29zcGFyazovL3VzL0xJQ0VOU0UvZTVmN2Q5NzMtYjI2OS00Njg2LTk5N2UtNDUxMTkxNjhjZWQyOkZTU18xYjcyOGZmOS03ZGU4LTRjYjctOTU0MC0yOTMyMGI1YTQyY2I;Y2lzY29zcGFyazovL3VzL0xJQ0VOU0UvZTVmN2Q5NzMtYjI2OS00Njg2LTk5N2UtNDUxMTkxNjhjZWQyOkZUTV9mNWZkZTM1Zi00NzA0LTQ2MGEtODEwZi00YzVkMzUyNDFlNjk,,False
Y2lzY29zcGFyazovL3VzL1BFT1BMRS9hMmVmODZiMy0wMzk2LTQ1ZTUtOTg3Mi1jMTYwMGEyNzU0OGY,diego.prez.20260208111856.0177@lab.example.com,Diego Pérez,unknown,,Y2lzY29zcGFyazovL3VzL0xJQ0VOU0UvZTVmN2Q5NzMtYjI2OS00Njg2LTk5N2UtNDUxMTkxNjhjZWQyOkZUQ19hMjQ3MzgyOC1hOTgwLTQ3MmYtODE5ZC02YjljY2UwOGU5MmI;Y2lzY29zcGFyazovL3VzL0xJQ0VOU0UvZTVmN2Q5NzMtYjI2OS00Njg2LTk5N2UtNDUxMTkxNjhjZWQyOkZNU185ZWNhNzgxNC0zMzEzLTQ2NGYtOTY0Mi0wMjM5ODc1YmM5Zjg;Y2lzY29zcGFyazovL3VzL0xJQ0VOU0UvZTVmN2Q5NzMtYjI2OS00Njg2LTk5N2UtNDUxMTkxNjhjZWQyOkZTU18xYjcyOGZmOS03ZGU4LTRjYjctOTU0MC0yOTMyMGI1YTQyY2I;Y2lzY29zcGFyazovL3VzL0xJQ0VOU0UvZTVmN2Q5NzMtYjI2OS00Njg2LTk5N2UtNDUxMTkxNjhjZWQyOkZUTV9mNWZkZTM1Zi00NzA0LTQ2MGEtODEwZi00YzVkMzUyNDFlNjk,,False
Y2lzY29zcGFyazovL3VzL1BFT1BMRS84MzMzOWEzOS1kMmUxLTQ4NDUtOGFjZC0zY2ZkNzhkOWM1MWM,diego.ruiz.20260208112535.6471@lab.example.com,Diego Ruiz,unknown,,Y2lzY29zcGFyazovL3VzL0xJQ0VOU0UvZTVmN2Q5NzMtYjI2OS00Njg2LTk5N2UtNDUxMTkxNjhjZWQyOkZUQ19hMjQ3MzgyOC1hOTgwLTQ3MmYtODE5ZC02YjljY2UwOGU5MmI;Y2lzY29zcGFyazovL3VzL0xJQ0VOU0UvZTVmN2Q5NzMtYjI2OS00Njg2LTk5N2UtNDUxMTkxNjhjZWQyOkZNU185ZWNhNzgxNC0zMzEzLTQ2NGYtOTY0Mi0wMjM5ODc1YmM5Zjg;Y2lzY29zcGFyazovL3VzL0xJQ0VOU0UvZTVmN2Q5NzMtYjI2OS00Njg2LTk5N2UtNDUxMTkxNjhjZWQyOkZTU18xYjcyOGZmOS03ZGU4LTRjYjctOTU0MC0yOTMyMGI1YTQyY2I;Y2lzY29zcGFyazovL3VzL0xJQ0VOU0UvZTVmN2Q5NzMtYjI2OS00Njg2LTk5N2UtNDUxMTkxNjhjZWQyOkZUTV9mNWZkZTM1Zi00NzA0LTQ2MGEtODEwZi00YzVkMzUyNDFlNjk,,False
Y2lzY29zcGFyazovL3VzL1BFT1BMRS85ZmY0MzRjNC01NDkzLTRmNWEtYThhNC1lZjc1YmE5Mjc4Nzg,elena.daz.20260208112531.2925@lab.example.com,Elena Díaz,unknown,,Y2lzY29zcGFyazovL3VzL0xJQ0VOU0UvZTVmN2Q5NzMtYjI2OS00Njg2LTk5N2UtNDUxMTkxNjhjZWQyOkZUQ19hMjQ3MzgyOC1hOTgwLTQ3MmYtODE5ZC02YjljY2UwOGU5MmI;Y2lzY29zcGFyazovL3VzL0xJQ0VOU0UvZTVmN2Q5NzMtYjI2OS00Njg2LTk5N2UtNDUxMTkxNjhjZWQyOkZNU185ZWNhNzgxNC0zMzEzLTQ2NGYtOTY0Mi0wMjM5ODc1YmM5Zjg;Y2lzY29zcGFyazovL3VzL0xJQ0VOU0UvZTVmN2Q5NzMtYjI2OS00Njg2LTk5N2UtNDUxMTkxNjhjZWQyOkZTU18xYjcyOGZmOS03ZGU4LTRjYjctOTU0MC0yOTMyMGI1YTQyY2I;Y2lzY29zcGFyazovL3VzL0xJQ0VOU0UvZTVmN2Q5NzMtYjI2OS00Njg2LTk5N2UtNDUxMTkxNjhjZWQyOkZUTV9mNWZkZTM1Zi00NzA0LTQ2MGEtODEwZi00YzVkMzUyNDFlNjk,,False
Y2lzY29zcGFyazovL3VzL1BFT1BMRS84MmU4MzRiOS0wZWFlLTQyM2MtOWJkMC03ODIwOWIxMDNhYjg,elena.garca.20260208111953.0181@lab.example.com,Elena García,unknown,,Y2lzY29zcGFyazovL3VzL0xJQ0VOU0UvZTVmN2Q5NzMtYjI2OS00Njg2LTk5N2UtNDUxMTkxNjhjZWQyOkZUQ19hMjQ3MzgyOC1hOTgwLTQ3MmYtODE5ZC02YjljY2UwOGU5MmI;Y2lzY29zcGFyazovL3VzL0xJQ0VOU0UvZTVmN2Q5NzMtYjI2OS00Njg2LTk5N2UtNDUxMTkxNjhjZWQyOkZNU185ZWNhNzgxNC0zMzEzLTQ2NGYtOTY0Mi0wMjM5ODc1YmM5Zjg;Y2lzY29zcGFyazovL3VzL0xJQ0VOU0UvZTVmN2Q5NzMtYjI2OS00Njg2LTk5N2UtNDUxMTkxNjhjZWQyOkZTU18xYjcyOGZmOS03ZGU4LTRjYjctOTU0MC0yOTMyMGI1YTQyY2I;Y2lzY29zcGFyazovL3VzL0xJQ0VOU0UvZTVmN2Q5NzMtYjI2OS00Njg2LTk5N2UtNDUxMTkxNjhjZWQyOkZUTV9mNWZkZTM1Zi00NzA0LTQ2MGEtODEwZi00YzVkMzUyNDFlNjk,,False
Y2lzY29zcGFyazovL3VzL1BFT1BMRS84NWJmNTBmOC03Mjc4LTRkNTMtOWQ1ZS1jOTc3ZjU2MWNhMjA,elena.garca.20260208112535.1367@lab.example.com,Elena García,unknown,,Y2lzY29zcGFyazovL3VzL0xJQ0VOU0UvZTVmN2Q5NzMtYjI2OS00Njg2LTk5N2UtNDUxMTkxNjhjZWQyOkZUQ19hMjQ3MzgyOC1hOTgwLTQ3MmYtODE5ZC02YjljY2UwOGU5MmI;Y2lzY29zcGFyazovL3VzL0xJQ0VOU0UvZTVmN2Q5NzMtYjI2OS00Njg2LTk5N2UtNDUxMTkxNjhjZWQyOkZNU185ZWNhNzgxNC0zMzEzLTQ2NGYtOTY0Mi0wMjM5ODc1YmM5Zjg;Y2lzY29zcGFyazovL3VzL0xJQ0VOU0UvZTVmN2Q5NzMtYjI2OS00Njg2LTk5N2UtNDUxMTkxNjhjZWQyOkZTU18xYjcyOGZmOS03ZGU4LTRjYjctOTU0MC0yOTMyMGI1YTQyY2I;Y2lzY29zcGFyazovL3VzL0xJQ0VOU0UvZTVmN2Q5NzMtYjI2OS00Njg2LTk5N2UtNDUxMTkxNjhjZWQyOkZUTV9mNWZkZTM1Zi00NzA0LTQ2MGEtODEwZi00YzVkMzUyNDFlNjk,,False
Y2lzY29zcGFyazovL3VzL1BFT1BMRS9mMWMxMjE4My02MjZmLTRjNDItOTBjYi01ZTliNGJkMjlkZWQ,elena.gmez.20260208112529.6054@lab.example.com,Elena Gómez,unknown,,Y2lzY29zcGFyazovL3VzL0xJQ0VOU0UvZTVmN2Q5NzMtYjI2OS00Njg2LTk5N2UtNDUxMTkxNjhjZWQyOkZUQ19hMjQ3MzgyOC1hOTgwLTQ3MmYtODE5ZC02YjljY2UwOGU5MmI;Y2lzY29zcGFyazovL3VzL0xJQ0VOU0UvZTVmN2Q5NzMtYjI2OS00Njg2LTk5N2UtNDUxMTkxNjhjZWQyOkZNU185ZWNhNzgxNC0zMzEzLTQ2NGYtOTY0Mi0wMjM5ODc1YmM5Zjg;Y2lzY29zcGFyazovL3VzL0xJQ0VOU0UvZTVmN2Q5NzMtYjI2OS00Njg2LTk5N2UtNDUxMTkxNjhjZWQyOkZTU18xYjcyOGZmOS03ZGU4LTRjYjctOTU0MC0yOTMyMGI1YTQyY2I;Y2lzY29zcGFyazovL3VzL0xJQ0VOU0UvZTVmN2Q5NzMtYjI2OS00Njg2LTk5N2UtNDUxMTkxNjhjZWQyOkZUTV9mNWZkZTM1Zi00NzA0LTQ2MGEtODEwZi00YzVkMzUyNDFlNjk,,False
Y2lzY29zcGFyazovL3VzL1BFT1BMRS8wZDg4NjgxNC1lMjFhLTQ5NjUtYjRkYi1lN2EzMmRkMjVlNzE,elena.gmez.20260208112923.6040@lab.example.com,Elena Gómez,unknown,,Y2lzY29zcGFyazovL3VzL0xJQ0VOU0UvZTVmN2Q5NzMtYjI2OS00Njg2LTk5N2UtNDUxMTkxNjhjZWQyOkZUQ19hMjQ3MzgyOC1hOTgwLTQ3MmYtODE5ZC02YjljY2UwOGU5MmI;Y2lzY29zcGFyazovL3VzL0xJQ0VOU0UvZTVmN2Q5NzMtYjI2OS00Njg2LTk5N2UtNDUxMTkxNjhjZWQyOkZNU185ZWNhNzgxNC0zMzEzLTQ2NGYtOTY0Mi0wMjM5ODc1YmM5Zjg;Y2lzY29zcGFyazovL3VzL0xJQ0VOU0UvZTVmN2Q5NzMtYjI2OS00Njg2LTk5N2UtNDUxMTkxNjhjZWQyOkZTU18xYjcyOGZmOS03ZGU4LTRjYjctOTU0MC0yOTMyMGI1YTQyY2I;Y2lzY29zcGFyazovL3VzL0xJQ0VOU0UvZTVmN2Q5NzMtYjI2OS00Njg2LTk5N2UtNDUxMTkxNjhjZWQyOkZUTV9mNWZkZTM1Zi00NzA0LTQ2MGEtODEwZi00YzVkMzUyNDFlNjk,,False
Y2lzY29zcGFyazovL3VzL1BFT1BMRS9lNTAwNmQ5OS1jNjhiLTQ2YWMtYWVjMi0yMTUyOTNlMDhjYTY,elena.lpez.20260208111931.1853@lab.example.com,Elena López,unknown,,Y2lzY29zcGFyazovL3VzL0xJQ0VOU0UvZTVmN2Q5NzMtYjI2OS00Njg2LTk5N2UtNDUxMTkxNjhjZWQyOkZUQ19hMjQ3MzgyOC1hOTgwLTQ3MmYtODE5ZC02YjljY2UwOGU5MmI;Y2lzY29zcGFyazovL3VzL0xJQ0VOU0UvZTVmN2Q5NzMtYjI2OS00Njg2LTk5N2UtNDUxMTkxNjhjZWQyOkZNU185ZWNhNzgxNC0zMzEzLTQ2NGYtOTY0Mi0wMjM5ODc1YmM5Zjg;Y2lzY29zcGFyazovL3VzL0xJQ0VOU0UvZTVmN2Q5NzMtYjI2OS00Njg2LTk5N2UtNDUxMTkxNjhjZWQyOkZTU18xYjcyOGZmOS03ZGU4LTRjYjctOTU0MC0yOTMyMGI1YTQyY2I;Y2lzY29zcGFyazovL3VzL0xJQ0VOU0UvZTVmN2Q5NzMtYjI2OS00Njg2LTk5N2UtNDUxMTkxNjhjZWQyOkZUTV9mNWZkZTM1Zi00NzA0LTQ2MGEtODEwZi00YzVkMzUyNDFlNjk,,False
Y2lzY29zcGFyazovL3VzL1BFT1BMRS9mMThjZjJmNy1hNzgwLTQwZTctYTEwNi1lODVkYTAwNDljZDU,elena.martn.20260208111856.1108@lab.example.com,Elena Martín,unknown,,Y2lzY29zcGFyazovL3VzL0xJQ0VOU0UvZTVmN2Q5NzMtYjI2OS00Njg2LTk5N2UtNDUxMTkxNjhjZWQyOkZUQ19hMjQ3MzgyOC1hOTgwLTQ3MmYtODE5ZC02YjljY2UwOGU5MmI;Y2lzY29zcGFyazovL3VzL0xJQ0VOU0UvZTVmN2Q5NzMtYjI2OS00Njg2LTk5N2UtNDUxMTkxNjhjZWQyOkZNU185ZWNhNzgxNC0zMzEzLTQ2NGYtOTY0Mi0wMjM5ODc1YmM5Zjg;Y2lzY29zcGFyazovL3VzL0xJQ0VOU0UvZTVmN2Q5NzMtYjI2OS00Njg2LTk5N2UtNDUxMTkxNjhjZWQyOkZTU18xYjcyOGZmOS03ZGU4LTRjYjctOTU0MC0yOTMyMGI1YTQyY2I;Y2lzY29zcGFyazovL3VzL0xJQ0VOU0UvZTVmN2Q5NzMtYjI2OS00Njg2LTk5N2UtNDUxMTkxNjhjZWQyOkZUTV9mNWZkZTM1Zi00NzA0LTQ2MGEtODEwZi00YzVkMzUyNDFlNjk,,False
Y2lzY29zcGFyazovL3VzL1BFT1BMRS80MmM5NDc1ZS1mZTc4LTRkYjctOTAzMi0zYWMyYTM1ZTM1Yzc,elena.ruiz.20260208111825.0931@lab.example.com,Elena Ruiz,unknown,,Y2lzY29zcGFyazovL3VzL0xJQ0VOU0UvZTVmN2Q5NzMtYjI2OS00Njg2LTk5N2UtNDUxMTkxNjhjZWQyOkZUQ19hMjQ3MzgyOC1hOTgwLTQ3MmYtODE5ZC02YjljY2UwOGU5MmI;Y2lzY29zcGFyazovL3VzL0xJQ0VOU0UvZTVmN2Q5NzMtYjI2OS00Njg2LTk5N2UtNDUxMTkxNjhjZWQyOkZNU185ZWNhNzgxNC0zMzEzLTQ2NGYtOTY0Mi0wMjM5ODc1YmM5Zjg;Y2lzY29zcGFyazovL3VzL0xJQ0VOU0UvZTVmN2Q5NzMtYjI2OS00Njg2LTk5N2UtNDUxMTkxNjhjZWQyOkZTU18xYjcyOGZmOS03ZGU4LTRjYjctOTU0MC0yOTMyMGI1YTQyY2I;Y2lzY29zcGFyazovL3VzL0xJQ0VOU0UvZTVmN2Q5NzMtYjI2OS00Njg2LTk5N2UtNDUxMTkxNjhjZWQyOkZUTV9mNWZkZTM1Zi00NzA0LTQ2MGEtODEwZi00YzVkMzUyNDFlNjk,,False
Y2lzY29zcGFyazovL3VzL1BFT1BMRS84NDliOTQ5MS03MGFiLTRkOTItYWU3ZC0wYzQ0ZTA1MTk5OTc,elena.snchez.20260208112529.9128@lab.example.com,Elena Sánchez,unknown,,Y2lzY29zcGFyazovL3VzL0xJQ0VOU0UvZTVmN2Q5NzMtYjI2OS00Njg2LTk5N2UtNDUxMTkxNjhjZWQyOkZUQ19hMjQ3MzgyOC1hOTgwLTQ3MmYtODE5ZC02YjljY2UwOGU5MmI;Y2lzY29zcGFyazovL3VzL0xJQ0VOU0UvZTVmN2Q5NzMtYjI2OS00Njg2LTk5N2UtNDUxMTkxNjhjZWQyOkZNU185ZWNhNzgxNC0zMzEzLTQ2NGYtOTY0Mi0wMjM5ODc1YmM5Zjg;Y2lzY29zcGFyazovL3VzL0xJQ0VOU0UvZTVmN2Q5NzMtYjI2OS00Njg2LTk5N2UtNDUxMTkxNjhjZWQyOkZTU18xYjcyOGZmOS03ZGU4LTRjYjctOTU0MC0yOTMyMGI1YTQyY2I;Y2lzY29zcGFyazovL3VzL0xJQ0VOU0UvZTVmN2Q5NzMtYjI2OS00Njg2LTk5N2UtNDUxMTkxNjhjZWQyOkZUTV9mNWZkZTM1Zi00NzA0LTQ2MGEtODEwZi00YzVkMzUyNDFlNjk,,False
Y2lzY29zcGFyazovL3VzL1BFT1BMRS80MTgxOTcwMy1jNmVkLTQ1M2UtYjRkOC04NmQ4M2E4MTMxNTE,elena.snchez.20260208112641.1699@lab.example.com,Elena Sánchez,unknown,,Y2lzY29zcGFyazovL3VzL0xJQ0VOU0UvZTVmN2Q5NzMtYjI2OS00Njg2LTk5N2UtNDUxMTkxNjhjZWQyOkZUQ19hMjQ3MzgyOC1hOTgwLTQ3MmYtODE5ZC02YjljY2UwOGU5MmI;Y2lzY29zcGFyazovL3VzL0xJQ0VOU0UvZTVmN2Q5NzMtYjI2OS00Njg2LTk5N2UtNDUxMTkxNjhjZWQyOkZNU185ZWNhNzgxNC0zMzEzLTQ2NGYtOTY0Mi0wMjM5ODc1YmM5Zjg;Y2lzY29zcGFyazovL3VzL0xJQ0VOU0UvZTVmN2Q5NzMtYjI2OS00Njg2LTk5N2UtNDUxMTkxNjhjZWQyOkZTU18xYjcyOGZmOS03ZGU4LTRjYjctOTU0MC0yOTMyMGI1YTQyY2I;Y2lzY29zcGFyazovL3VzL0xJQ0VOU0UvZTVmN2Q5NzMtYjI2OS00Njg2LTk5N2UtNDUxMTkxNjhjZWQyOkZUTV9mNWZkZTM1Zi00NzA0LTQ2MGEtODEwZi00YzVkMzUyNDFlNjk,,False
Y2lzY29zcGFyazovL3VzL1BFT1BMRS8zNDIzMzFiMi0xZjE0LTQxM2EtOGQxOC1jMjA0MzI5NGQ4N2Q,elena.torres.20260208112531.8304@lab.example.com,Elena Torres,unknown,,Y2lzY29zcGFyazovL3VzL0xJQ0VOU0UvZTVmN2Q5NzMtYjI2OS00Njg2LTk5N2UtNDUxMTkxNjhjZWQyOkZUQ19hMjQ3MzgyOC1hOTgwLTQ3MmYtODE5ZC02YjljY2UwOGU5MmI;Y2lzY29zcGFyazovL3VzL0xJQ0VOU0UvZTVmN2Q5NzMtYjI2OS00Njg2LTk5N2UtNDUxMTkxNjhjZWQyOkZNU185ZWNhNzgxNC0zMzEzLTQ2NGYtOTY0Mi0wMjM5ODc1YmM5Zjg;Y2lzY29zcGFyazovL3VzL0xJQ0VOU0UvZTVmN2Q5NzMtYjI2OS00Njg2LTk5N2UtNDUxMTkxNjhjZWQyOkZTU18xYjcyOGZmOS03ZGU4LTRjYjctOTU0MC0yOTMyMGI1YTQyY2I;Y2lzY29zcGFyazovL3VzL0xJQ0VOU0UvZTVmN2Q5NzMtYjI2OS00Njg2LTk5N2UtNDUxMTkxNjhjZWQyOkZUTV9mNWZkZTM1Zi00NzA0LTQ2MGEtODEwZi00YzVkMzUyNDFlNjk,,False
Y2lzY29zcGFyazovL3VzL1BFT1BMRS9mNDMzOGFhYi1lNWM4LTRmOGUtOWUwOC1mNWIzNDkyOWExOTA,javier.lpez.20260208111342.1409@lab.example.com,Javier López,unknown,,Y2lzY29zcGFyazovL3VzL0xJQ0VOU0UvZTVmN2Q5NzMtYjI2OS00Njg2LTk5N2UtNDUxMTkxNjhjZWQyOkZUQ19hMjQ3MzgyOC1hOTgwLTQ3MmYtODE5ZC02YjljY2UwOGU5MmI;Y2lzY29zcGFyazovL3VzL0xJQ0VOU0UvZTVmN2Q5NzMtYjI2OS00Njg2LTk5N2UtNDUxMTkxNjhjZWQyOkZNU185ZWNhNzgxNC0zMzEzLTQ2NGYtOTY0Mi0wMjM5ODc1YmM5Zjg;Y2lzY29zcGFyazovL3VzL0xJQ0VOU0UvZTVmN2Q5NzMtYjI2OS00Njg2LTk5N2UtNDUxMTkxNjhjZWQyOkZTU18xYjcyOGZmOS03ZGU4LTRjYjctOTU0MC0yOTMyMGI1YTQyY2I;Y2lzY29zcGFyazovL3VzL0xJQ0VOU0UvZTVmN2Q5NzMtYjI2OS00Njg2LTk5N2UtNDUxMTkxNjhjZWQyOkZUTV9mNWZkZTM1Zi00NzA0LTQ2MGEtODEwZi00YzVkMzUyNDFlNjk,,False
Y2lzY29zcGFyazovL3VzL1BFT1BMRS9kN2ZmYWYzMS1mZjg0LTQ4NTQtYTI0Yi1jYzg4YTNmYTI0ODI,javier.lpez.20260208112915.7453@lab.example.com,Javier López,unknown,,Y2lzY29zcGFyazovL3VzL0xJQ0VOU0UvZTVmN2Q5NzMtYjI2OS00Njg2LTk5N2UtNDUxMTkxNjhjZWQyOkZUQ19hMjQ3MzgyOC1hOTgwLTQ3MmYtODE5ZC02YjljY2UwOGU5MmI;Y2lzY29zcGFyazovL3VzL0xJQ0VOU0UvZTVmN2Q5NzMtYjI2OS00Njg2LTk5N2UtNDUxMTkxNjhjZWQyOkZNU185ZWNhNzgxNC0zMzEzLTQ2NGYtOTY0Mi0wMjM5ODc1YmM5Zjg;Y2lzY29zcGFyazovL3VzL0xJQ0VOU0UvZTVmN2Q5NzMtYjI2OS00Njg2LTk5N2UtNDUxMTkxNjhjZWQyOkZTU18xYjcyOGZmOS03ZGU4LTRjYjctOTU0MC0yOTMyMGI1YTQyY2I;Y2lzY29zcGFyazovL3VzL0xJQ0VOU0UvZTVmN2Q5NzMtYjI2OS00Njg2LTk5N2UtNDUxMTkxNjhjZWQyOkZUTV9mNWZkZTM1Zi00NzA0LTQ2MGEtODEwZi00YzVkMzUyNDFlNjk,,False
Y2lzY29zcGFyazovL3VzL1BFT1BMRS84YzEzMDljNC1mNWU1LTRkMGEtYWZmOS05M2ZjNmQyZGE3Yzk,javier.martn.20260208111342.6932@lab.example.com,Javier Martín,unknown,,Y2lzY29zcGFyazovL3VzL0xJQ0VOU0UvZTVmN2Q5NzMtYjI2OS00Njg2LTk5N2UtNDUxMTkxNjhjZWQyOkZUQ19hMjQ3MzgyOC1hOTgwLTQ3MmYtODE5ZC02YjljY2UwOGU5MmI;Y2lzY29zcGFyazovL3VzL0xJQ0VOU0UvZTVmN2Q5NzMtYjI2OS00Njg2LTk5N2UtNDUxMTkxNjhjZWQyOkZNU185ZWNhNzgxNC0zMzEzLTQ2NGYtOTY0Mi0wMjM5ODc1YmM5Zjg;Y2lzY29zcGFyazovL3VzL0xJQ0VOU0UvZTVmN2Q5NzMtYjI2OS00Njg2LTk5N2UtNDUxMTkxNjhjZWQyOkZTU18xYjcyOGZmOS03ZGU4LTRjYjctOTU0MC0yOTMyMGI1YTQyY2I;Y2lzY29zcGFyazovL3VzL0xJQ0VOU0UvZTVmN2Q5NzMtYjI2OS00Njg2LTk5N2UtNDUxMTkxNjhjZWQyOkZUTV9mNWZkZTM1Zi00NzA0LTQ2MGEtODEwZi00YzVkMzUyNDFlNjk,,False
Y2lzY29zcGFyazovL3VzL1BFT1BMRS80OWZhZTIyMC02OGZlLTQ2NzEtYmU1My03Y2UxZDgzZTQ1ZDE,javier.martn.20260208114331.1238@lab.example.com,Javier Martín,unknown,,Y2lzY29zcGFyazovL3VzL0xJQ0VOU0UvZTVmN2Q5NzMtYjI2OS00Njg2LTk5N2UtNDUxMTkxNjhjZWQyOkZUQ19hMjQ3MzgyOC1hOTgwLTQ3MmYtODE5ZC02YjljY2UwOGU5MmI;Y2lzY29zcGFyazovL3VzL0xJQ0VOU0UvZTVmN2Q5NzMtYjI2OS00Njg2LTk5N2UtNDUxMTkxNjhjZWQyOkZNU185ZWNhNzgxNC0zMzEzLTQ2NGYtOTY0Mi0wMjM5ODc1YmM5Zjg;Y2lzY29zcGFyazovL3VzL0xJQ0VOU0UvZTVmN2Q5NzMtYjI2OS00Njg2LTk5N2UtNDUxMTkxNjhjZWQyOkZTU18xYjcyOGZmOS03ZGU4LTRjYjctOTU0MC0yOTMyMGI1YTQyY2I;Y2lzY29zcGFyazovL3VzL0xJQ0VOU0UvZTVmN2Q5NzMtYjI2OS00Njg2LTk5N2UtNDUxMTkxNjhjZWQyOkZUTV9mNWZkZTM1Zi00NzA0LTQ2MGEtODEwZi00YzVkMzUyNDFlNjk,,False
Y2lzY29zcGFyazovL3VzL1BFT1BMRS9iZTQxZmMwZi1jMTY3LTRjNTUtYjAwMC1lNjZiOTEzMzQzNTA,javier.torres.20260208111856.6140@lab.example.com,Javier Torres,unknown,,Y2lzY29zcGFyazovL3VzL0xJQ0VOU0UvZTVmN2Q5NzMtYjI2OS00Njg2LTk5N2UtNDUxMTkxNjhjZWQyOkZUQ19hMjQ3MzgyOC1hOTgwLTQ3MmYtODE5ZC02YjljY2UwOGU5MmI;Y2lzY29zcGFyazovL3VzL0xJQ0VOU0UvZTVmN2Q5NzMtYjI2OS00Njg2LTk5N2UtNDUxMTkxNjhjZWQyOkZNU185ZWNhNzgxNC0zMzEzLTQ2NGYtOTY0Mi0wMjM5ODc1YmM5Zjg;Y2lzY29zcGFyazovL3VzL0xJQ0VOU0UvZTVmN2Q5NzMtYjI2OS00Njg2LTk5N2UtNDUxMTkxNjhjZWQyOkZTU18xYjcyOGZmOS03ZGU4LTRjYjctOTU0MC0yOTMyMGI1YTQyY2I;Y2lzY29zcGFyazovL3VzL0xJQ0VOU0UvZTVmN2Q5NzMtYjI2OS00Njg2LTk5N2UtNDUxMTkxNjhjZWQyOkZUTV9mNWZkZTM1Zi00NzA0LTQ2MGEtODEwZi00YzVkMzUyNDFlNjk,,False
Y2lzY29zcGFyazovL3VzL1BFT1BMRS9kYjIxN2E0NC1iM2IyLTQ5NTQtOWNkYS1mOGRlOGQ1OWQ1YjI,luca.garca.20260208112529.5482@lab.example.com,Lucía García,unknown,,Y2lzY29zcGFyazovL3VzL0xJQ0VOU0UvZTVmN2Q5NzMtYjI2OS00Njg2LTk5N2UtNDUxMTkxNjhjZWQyOkZUQ19hMjQ3MzgyOC1hOTgwLTQ3MmYtODE5ZC02YjljY2UwOGU5MmI;Y2lzY29zcGFyazovL3VzL0xJQ0VOU0UvZTVmN2Q5NzMtYjI2OS00Njg2LTk5N2UtNDUxMTkxNjhjZWQyOkZNU185ZWNhNzgxNC0zMzEzLTQ2NGYtOTY0Mi0wMjM5ODc1YmM5Zjg;Y2lzY29zcGFyazovL3VzL0xJQ0VOU0UvZTVmN2Q5NzMtYjI2OS00Njg2LTk5N2UtNDUxMTkxNjhjZWQyOkZTU18xYjcyOGZmOS03ZGU4LTRjYjctOTU0MC0yOTMyMGI1YTQyY2I;Y2lzY29zcGFyazovL3VzL0xJQ0VOU0UvZTVmN2Q5NzMtYjI2OS00Njg2LTk5N2UtNDUxMTkxNjhjZWQyOkZUTV9mNWZkZTM1Zi00NzA0LTQ2MGEtODEwZi00YzVkMzUyNDFlNjk,,False
Y2lzY29zcGFyazovL3VzL1BFT1BMRS8xYTE1OGE4NS1jODQ5LTQ1OGYtYWQ0ZS02MmI5MTVkMjI5MTY,luca.gmez.20260208112535.9384@lab.example.com,Lucía Gómez,unknown,,Y2lzY29zcGFyazovL3VzL0xJQ0VOU0UvZTVmN2Q5NzMtYjI2OS00Njg2LTk5N2UtNDUxMTkxNjhjZWQyOkZUQ19hMjQ3MzgyOC1hOTgwLTQ3MmYtODE5ZC02YjljY2UwOGU5MmI;Y2lzY29zcGFyazovL3VzL0xJQ0VOU0UvZTVmN2Q5NzMtYjI2OS00Njg2LTk5N2UtNDUxMTkxNjhjZWQyOkZNU185ZWNhNzgxNC0zMzEzLTQ2NGYtOTY0Mi0wMjM5ODc1YmM5Zjg;Y2lzY29zcGFyazovL3VzL0xJQ0VOU0UvZTVmN2Q5NzMtYjI2OS00Njg2LTk5N2UtNDUxMTkxNjhjZWQyOkZTU18xYjcyOGZmOS03ZGU4LTRjYjctOTU0MC0yOTMyMGI1YTQyY2I;Y2lzY29zcGFyazovL3VzL0xJQ0VOU0UvZTVmN2Q5NzMtYjI2OS00Njg2LTk5N2UtNDUxMTkxNjhjZWQyOkZUTV9mNWZkZTM1Zi00NzA0LTQ2MGEtODEwZi00YzVkMzUyNDFlNjk,,False
Y2lzY29zcGFyazovL3VzL1BFT1BMRS82NDBhNjNmYS05ZGQ1LTQ3YjYtYjRiYi1hNGU2YWM4MTMxOTE,luca.martn.20260208112915.7055@lab.example.com,Lucía Martín,unknown,,Y2lzY29zcGFyazovL3VzL0xJQ0VOU0UvZTVmN2Q5NzMtYjI2OS00Njg2LTk5N2UtNDUxMTkxNjhjZWQyOkZUQ19hMjQ3MzgyOC1hOTgwLTQ3MmYtODE5ZC02YjljY2UwOGU5MmI;Y2lzY29zcGFyazovL3VzL0xJQ0VOU0UvZTVmN2Q5NzMtYjI2OS00Njg2LTk5N2UtNDUxMTkxNjhjZWQyOkZNU185ZWNhNzgxNC0zMzEzLTQ2NGYtOTY0Mi0wMjM5ODc1YmM5Zjg;Y2lzY29zcGFyazovL3VzL0xJQ0VOU0UvZTVmN2Q5NzMtYjI2OS00Njg2LTk5N2UtNDUxMTkxNjhjZWQyOkZTU18xYjcyOGZmOS03ZGU4LTRjYjctOTU0MC0yOTMyMGI1YTQyY2I;Y2lzY29zcGFyazovL3VzL0xJQ0VOU0UvZTVmN2Q5NzMtYjI2OS00Njg2LTk5N2UtNDUxMTkxNjhjZWQyOkZUTV9mNWZkZTM1Zi00NzA0LTQ2MGEtODEwZi00YzVkMzUyNDFlNjk,,False
Y2lzY29zcGFyazovL3VzL1BFT1BMRS84MTg5ZTBhMy0wMWUxLTRkOTAtYTk2NS0xNmM3Zjc4YzNlNDc,luca.snchez.20260208111953.7207@lab.example.com,Lucía Sánchez,unknown,,Y2lzY29zcGFyazovL3VzL0xJQ0VOU0UvZTVmN2Q5NzMtYjI2OS00Njg2LTk5N2UtNDUxMTkxNjhjZWQyOkZUQ19hMjQ3MzgyOC1hOTgwLTQ3MmYtODE5ZC02YjljY2UwOGU5MmI;Y2lzY29zcGFyazovL3VzL0xJQ0VOU0UvZTVmN2Q5NzMtYjI2OS00Njg2LTk5N2UtNDUxMTkxNjhjZWQyOkZNU185ZWNhNzgxNC0zMzEzLTQ2NGYtOTY0Mi0wMjM5ODc1YmM5Zjg;Y2lzY29zcGFyazovL3VzL0xJQ0VOU0UvZTVmN2Q5NzMtYjI2OS00Njg2LTk5N2UtNDUxMTkxNjhjZWQyOkZTU18xYjcyOGZmOS03ZGU4LTRjYjctOTU0MC0yOTMyMGI1YTQyY2I;Y2lzY29zcGFyazovL3VzL0xJQ0VOU0UvZTVmN2Q5NzMtYjI2OS00Njg2LTk5N2UtNDUxMTkxNjhjZWQyOkZUTV9mNWZkZTM1Zi00NzA0LTQ2MGEtODEwZi00YzVkMzUyNDFlNjk,,False
Y2lzY29zcGFyazovL3VzL1BFT1BMRS8xYzY5YjFjOC1lYTA1LTQ3MjYtOWZhMS03YTE2ZTI5ODM5YzI,luis.gmez.20260208112915.7311@lab.example.com,Luis Gómez,unknown,,Y2lzY29zcGFyazovL3VzL0xJQ0VOU0UvZTVmN2Q5NzMtYjI2OS00Njg2LTk5N2UtNDUxMTkxNjhjZWQyOkZUQ19hMjQ3MzgyOC1hOTgwLTQ3MmYtODE5ZC02YjljY2UwOGU5MmI;Y2lzY29zcGFyazovL3VzL0xJQ0VOU0UvZTVmN2Q5NzMtYjI2OS00Njg2LTk5N2UtNDUxMTkxNjhjZWQyOkZNU185ZWNhNzgxNC0zMzEzLTQ2NGYtOTY0Mi0wMjM5ODc1YmM5Zjg;Y2lzY29zcGFyazovL3VzL0xJQ0VOU0UvZTVmN2Q5NzMtYjI2OS00Njg2LTk5N2UtNDUxMTkxNjhjZWQyOkZTU18xYjcyOGZmOS03ZGU4LTRjYjctOTU0MC0yOTMyMGI1YTQyY2I;Y2lzY29zcGFyazovL3VzL0xJQ0VOU0UvZTVmN2Q5NzMtYjI2OS00Njg2LTk5N2UtNDUxMTkxNjhjZWQyOkZUTV9mNWZkZTM1Zi00NzA0LTQ2MGEtODEwZi00YzVkMzUyNDFlNjk,,False
Y2lzY29zcGFyazovL3VzL1BFT1BMRS81Mjk0YjI4Mi04MGNiLTRkMDAtOWFmZC05YjcwYjYyOGMzYjg,luis.prez.20260208111953.4813@lab.example.com,Luis Pérez,unknown,,Y2lzY29zcGFyazovL3VzL0xJQ0VOU0UvZTVmN2Q5NzMtYjI2OS00Njg2LTk5N2UtNDUxMTkxNjhjZWQyOkZUQ19hMjQ3MzgyOC1hOTgwLTQ3MmYtODE5ZC02YjljY2UwOGU5MmI;Y2lzY29zcGFyazovL3VzL0xJQ0VOU0UvZTVmN2Q5NzMtYjI2OS00Njg2LTk5N2UtNDUxMTkxNjhjZWQyOkZNU185ZWNhNzgxNC0zMzEzLTQ2NGYtOTY0Mi0wMjM5ODc1YmM5Zjg;Y2lzY29zcGFyazovL3VzL0xJQ0VOU0UvZTVmN2Q5NzMtYjI2OS00Njg2LTk5N2UtNDUxMTkxNjhjZWQyOkZTU18xYjcyOGZmOS03ZGU4LTRjYjctOTU0MC0yOTMyMGI1YTQyY2I;Y2lzY29zcGFyazovL3VzL0xJQ0VOU0UvZTVmN2Q5NzMtYjI2OS00Njg2LTk5N2UtNDUxMTkxNjhjZWQyOkZUTV9mNWZkZTM1Zi00NzA0LTQ2MGEtODEwZi00YzVkMzUyNDFlNjk,,False
Y2lzY29zcGFyazovL3VzL1BFT1BMRS9iMDJkMzIwOS0wYTc5LTQ4NmEtOTI1NC0yNzAzOWZmMmM4ZjA,luis.ruiz.20260208111931.7267@lab.example.com,Luis Ruiz,unknown,,Y2lzY29zcGFyazovL3VzL0xJQ0VOU0UvZTVmN2Q5NzMtYjI2OS00Njg2LTk5N2UtNDUxMTkxNjhjZWQyOkZUQ19hMjQ3MzgyOC1hOTgwLTQ3MmYtODE5ZC02YjljY2UwOGU5MmI;Y2lzY29zcGFyazovL3VzL0xJQ0VOU0UvZTVmN2Q5NzMtYjI2OS00Njg2LTk5N2UtNDUxMTkxNjhjZWQyOkZNU185ZWNhNzgxNC0zMzEzLTQ2NGYtOTY0Mi0wMjM5ODc1YmM5Zjg;Y2lzY29zcGFyazovL3VzL0xJQ0VOU0UvZTVmN2Q5NzMtYjI2OS00Njg2LTk5N2UtNDUxMTkxNjhjZWQyOkZTU18xYjcyOGZmOS03ZGU4LTRjYjctOTU0MC0yOTMyMGI1YTQyY2I;Y2lzY29zcGFyazovL3VzL0xJQ0VOU0UvZTVmN2Q5NzMtYjI2OS00Njg2LTk5N2UtNDUxMTkxNjhjZWQyOkZUTV9mNWZkZTM1Zi00NzA0LTQ2MGEtODEwZi00YzVkMzUyNDFlNjk,,False
Y2lzY29zcGFyazovL3VzL1BFT1BMRS8yOTczNTg1ZC02NmY3LTQ1NDItYTg3Yi0zNmI1NzU5ZGUzZWI,luis.ruiz.20260208112533.6939@lab.example.com,Luis Ruiz,unknown,,Y2lzY29zcGFyazovL3VzL0xJQ0VOU0UvZTVmN2Q5NzMtYjI2OS00Njg2LTk5N2UtNDUxMTkxNjhjZWQyOkZUQ19hMjQ3MzgyOC1hOTgwLTQ3MmYtODE5ZC02YjljY2UwOGU5MmI;Y2lzY29zcGFyazovL3VzL0xJQ0VOU0UvZTVmN2Q5NzMtYjI2OS00Njg2LTk5N2UtNDUxMTkxNjhjZWQyOkZNU185ZWNhNzgxNC0zMzEzLTQ2NGYtOTY0Mi0wMjM5ODc1YmM5Zjg;Y2lzY29zcGFyazovL3VzL0xJQ0VOU0UvZTVmN2Q5NzMtYjI2OS00Njg2LTk5N2UtNDUxMTkxNjhjZWQyOkZTU18xYjcyOGZmOS03ZGU4LTRjYjctOTU0MC0yOTMyMGI1YTQyY2I;Y2lzY29zcGFyazovL3VzL0xJQ0VOU0UvZTVmN2Q5NzMtYjI2OS00Njg2LTk5N2UtNDUxMTkxNjhjZWQyOkZUTV9mNWZkZTM1Zi00NzA0LTQ2MGEtODEwZi00YzVkMzUyNDFlNjk,,False
Y2lzY29zcGFyazovL3VzL1BFT1BMRS8wMjA0Yjg3Yy0zOGNkLTQ3MDItYmM3OC1mNGVjY2I3YzIzYWM,luis.torres.20260208112533.2571@lab.example.com,Luis Torres,unknown,,Y2lzY29zcGFyazovL3VzL0xJQ0VOU0UvZTVmN2Q5NzMtYjI2OS00Njg2LTk5N2UtNDUxMTkxNjhjZWQyOkZUQ19hMjQ3MzgyOC1hOTgwLTQ3MmYtODE5ZC02YjljY2UwOGU5MmI;Y2lzY29zcGFyazovL3VzL0xJQ0VOU0UvZTVmN2Q5NzMtYjI2OS00Njg2LTk5N2UtNDUxMTkxNjhjZWQyOkZNU185ZWNhNzgxNC0zMzEzLTQ2NGYtOTY0Mi0wMjM5ODc1YmM5Zjg;Y2lzY29zcGFyazovL3VzL0xJQ0VOU0UvZTVmN2Q5NzMtYjI2OS00Njg2LTk5N2UtNDUxMTkxNjhjZWQyOkZTU18xYjcyOGZmOS03ZGU4LTRjYjctOTU0MC0yOTMyMGI1YTQyY2I;Y2lzY29zcGFyazovL3VzL0xJQ0VOU0UvZTVmN2Q5NzMtYjI2OS00Njg2LTk5N2UtNDUxMTkxNjhjZWQyOkZUTV9mNWZkZTM1Zi00NzA0LTQ2MGEtODEwZi00YzVkMzUyNDFlNjk,,False
Y2lzY29zcGFyazovL3VzL1BFT1BMRS9iMGUwNDk5MS1hYmE4LTRmYmMtOWI3NC1lMjA1NzJjYjY2NWM,marta.garca.20260208111825.1113@lab.example.com,Marta García,unknown,,Y2lzY29zcGFyazovL3VzL0xJQ0VOU0UvZTVmN2Q5NzMtYjI2OS00Njg2LTk5N2UtNDUxMTkxNjhjZWQyOkZUQ19hMjQ3MzgyOC1hOTgwLTQ3MmYtODE5ZC02YjljY2UwOGU5MmI;Y2lzY29zcGFyazovL3VzL0xJQ0VOU0UvZTVmN2Q5NzMtYjI2OS00Njg2LTk5N2UtNDUxMTkxNjhjZWQyOkZNU185ZWNhNzgxNC0zMzEzLTQ2NGYtOTY0Mi0wMjM5ODc1YmM5Zjg;Y2lzY29zcGFyazovL3VzL0xJQ0VOU0UvZTVmN2Q5NzMtYjI2OS00Njg2LTk5N2UtNDUxMTkxNjhjZWQyOkZTU18xYjcyOGZmOS03ZGU4LTRjYjctOTU0MC0yOTMyMGI1YTQyY2I;Y2lzY29zcGFyazovL3VzL0xJQ0VOU0UvZTVmN2Q5NzMtYjI2OS00Njg2LTk5N2UtNDUxMTkxNjhjZWQyOkZUTV9mNWZkZTM1Zi00NzA0LTQ2MGEtODEwZi00YzVkMzUyNDFlNjk,,False
Y2lzY29zcGFyazovL3VzL1BFT1BMRS8yMzUyYzIwZi1hZDMzLTQ2YjYtODgxNS00MGUzMDhkYWVkNWQ,marta.prez.20260208111935.3452@lab.example.com,Marta Pérez,unknown,,Y2lzY29zcGFyazovL3VzL0xJQ0VOU0UvZTVmN2Q5NzMtYjI2OS00Njg2LTk5N2UtNDUxMTkxNjhjZWQyOkZUQ19hMjQ3MzgyOC1hOTgwLTQ3MmYtODE5ZC02YjljY2UwOGU5MmI;Y2lzY29zcGFyazovL3VzL0xJQ0VOU0UvZTVmN2Q5NzMtYjI2OS00Njg2LTk5N2UtNDUxMTkxNjhjZWQyOkZNU185ZWNhNzgxNC0zMzEzLTQ2NGYtOTY0Mi0wMjM5ODc1YmM5Zjg;Y2lzY29zcGFyazovL3VzL0xJQ0VOU0UvZTVmN2Q5NzMtYjI2OS00Njg2LTk5N2UtNDUxMTkxNjhjZWQyOkZTU18xYjcyOGZmOS03ZGU4LTRjYjctOTU0MC0yOTMyMGI1YTQyY2I;Y2lzY29zcGFyazovL3VzL0xJQ0VOU0UvZTVmN2Q5NzMtYjI2OS00Njg2LTk5N2UtNDUxMTkxNjhjZWQyOkZUTV9mNWZkZTM1Zi00NzA0LTQ2MGEtODEwZi00YzVkMzUyNDFlNjk,,False
Y2lzY29zcGFyazovL3VzL1BFT1BMRS9jZTQ0NTAxNC04NGYyLTQzYmMtYjNmZi01Njk0ODJhNjM1OGU,pablo.fernndez.20260208111825.1464@lab.example.com,Pablo Fernández,unknown,,Y2lzY29zcGFyazovL3VzL0xJQ0VOU0UvZTVmN2Q5NzMtYjI2OS00Njg2LTk5N2UtNDUxMTkxNjhjZWQyOkZUQ19hMjQ3MzgyOC1hOTgwLTQ3MmYtODE5ZC02YjljY2UwOGU5MmI;Y2lzY29zcGFyazovL3VzL0xJQ0VOU0UvZTVmN2Q5NzMtYjI2OS00Njg2LTk5N2UtNDUxMTkxNjhjZWQyOkZNU185ZWNhNzgxNC0zMzEzLTQ2NGYtOTY0Mi0wMjM5ODc1YmM5Zjg;Y2lzY29zcGFyazovL3VzL0xJQ0VOU0UvZTVmN2Q5NzMtYjI2OS00Njg2LTk5N2UtNDUxMTkxNjhjZWQyOkZTU18xYjcyOGZmOS03ZGU4LTRjYjctOTU0MC0yOTMyMGI1YTQyY2I;Y2lzY29zcGFyazovL3VzL0xJQ0VOU0UvZTVmN2Q5NzMtYjI2OS00Njg2LTk5N2UtNDUxMTkxNjhjZWQyOkZUTV9mNWZkZTM1Zi00NzA0LTQ2MGEtODEwZi00YzVkMzUyNDFlNjk,,False
Y2lzY29zcGFyazovL3VzL1BFT1BMRS80MTNkODk5OC1mOGZiLTQ0MzUtODBkYi1kYzhiYTM0MjQ2NTg,pablo.gmez.20260208112533.6161@lab.example.com,Pablo Gómez,unknown,,Y2lzY29zcGFyazovL3VzL0xJQ0VOU0UvZTVmN2Q5NzMtYjI2OS00Njg2LTk5N2UtNDUxMTkxNjhjZWQyOkZUQ19hMjQ3MzgyOC1hOTgwLTQ3MmYtODE5ZC02YjljY2UwOGU5MmI;Y2lzY29zcGFyazovL3VzL0xJQ0VOU0UvZTVmN2Q5NzMtYjI2OS00Njg2LTk5N2UtNDUxMTkxNjhjZWQyOkZNU185ZWNhNzgxNC0zMzEzLTQ2NGYtOTY0Mi0wMjM5ODc1YmM5Zjg;Y2lzY29zcGFyazovL3VzL0xJQ0VOU0UvZTVmN2Q5NzMtYjI2OS00Njg2LTk5N2UtNDUxMTkxNjhjZWQyOkZTU18xYjcyOGZmOS03ZGU4LTRjYjctOTU0MC0yOTMyMGI1YTQyY2I;Y2lzY29zcGFyazovL3VzL0xJQ0VOU0UvZTVmN2Q5NzMtYjI2OS00Njg2LTk5N2UtNDUxMTkxNjhjZWQyOkZUTV9mNWZkZTM1Zi00NzA0LTQ2MGEtODEwZi00YzVkMzUyNDFlNjk,,False
Y2lzY29zcGFyazovL3VzL1BFT1BMRS81M2I0ZmE0Yy0xMDIyLTRlNGQtYjUxMC1hNjljN2U2OTE5NmI,pablo.martn.20260208111909.4729@lab.example.com,Pablo Martín,unknown,,Y2lzY29zcGFyazovL3VzL0xJQ0VOU0UvZTVmN2Q5NzMtYjI2OS00Njg2LTk5N2UtNDUxMTkxNjhjZWQyOkZUQ19hMjQ3MzgyOC1hOTgwLTQ3MmYtODE5ZC02YjljY2UwOGU5MmI;Y2lzY29zcGFyazovL3VzL0xJQ0VOU0UvZTVmN2Q5NzMtYjI2OS00Njg2LTk5N2UtNDUxMTkxNjhjZWQyOkZNU185ZWNhNzgxNC0zMzEzLTQ2NGYtOTY0Mi0wMjM5ODc1YmM5Zjg;Y2lzY29zcGFyazovL3VzL0xJQ0VOU0UvZTVmN2Q5NzMtYjI2OS00Njg2LTk5N2UtNDUxMTkxNjhjZWQyOkZTU18xYjcyOGZmOS03ZGU4LTRjYjctOTU0MC0yOTMyMGI1YTQyY2I;Y2lzY29zcGFyazovL3VzL0xJQ0VOU0UvZTVmN2Q5NzMtYjI2OS00Njg2LTk5N2UtNDUxMTkxNjhjZWQyOkZUTV9mNWZkZTM1Zi00NzA0LTQ2MGEtODEwZi00YzVkMzUyNDFlNjk,,False
Y2lzY29zcGFyazovL3VzL1BFT1BMRS84MDBmNzVhMC0xNDVhLTQxZGEtYjExOS0xNjc5YTE3YTJjZGM,pablo.torres.20260208112923.0827@lab.example.com,Pablo Torres,unknown,,Y2lzY29zcGFyazovL3VzL0xJQ0VOU0UvZTVmN2Q5NzMtYjI2OS00Njg2LTk5N2UtNDUxMTkxNjhjZWQyOkZUQ19hMjQ3MzgyOC1hOTgwLTQ3MmYtODE5ZC02YjljY2UwOGU5MmI;Y2lzY29zcGFyazovL3VzL0xJQ0VOU0UvZTVmN2Q5NzMtYjI2OS00Njg2LTk5N2UtNDUxMTkxNjhjZWQyOkZNU185ZWNhNzgxNC0zMzEzLTQ2NGYtOTY0Mi0wMjM5ODc1YmM5Zjg;Y2lzY29zcGFyazovL3VzL0xJQ0VOU0UvZTVmN2Q5NzMtYjI2OS00Njg2LTk5N2UtNDUxMTkxNjhjZWQyOkZTU18xYjcyOGZmOS03ZGU4LTRjYjctOTU0MC0yOTMyMGI1YTQyY2I;Y2lzY29zcGFyazovL3VzL0xJQ0VOU0UvZTVmN2Q5NzMtYjI2OS00Njg2LTk5N2UtNDUxMTkxNjhjZWQyOkZUTV9mNWZkZTM1Zi00NzA0LTQ2MGEtODEwZi00YzVkMzUyNDFlNjk,,False
Y2lzY29zcGFyazovL3VzL1BFT1BMRS9jMDFmMDY5MS02N2VkLTQyMGMtODE3Zi03M2Y3ZDc1NmQ4ZmM,sofa.lpez.20260208111935.2342@lab.example.com,Sofía López,unknown,,Y2lzY29zcGFyazovL3VzL0xJQ0VOU0UvZTVmN2Q5NzMtYjI2OS00Njg2LTk5N2UtNDUxMTkxNjhjZWQyOkZUQ19hMjQ3MzgyOC1hOTgwLTQ3MmYtODE5ZC02YjljY2UwOGU5MmI;Y2lzY29zcGFyazovL3VzL0xJQ0VOU0UvZTVmN2Q5NzMtYjI2OS00Njg2LTk5N2UtNDUxMTkxNjhjZWQyOkZNU185ZWNhNzgxNC0zMzEzLTQ2NGYtOTY0Mi0wMjM5ODc1YmM5Zjg;Y2lzY29zcGFyazovL3VzL0xJQ0VOU0UvZTVmN2Q5NzMtYjI2OS00Njg2LTk5N2UtNDUxMTkxNjhjZWQyOkZTU18xYjcyOGZmOS03ZGU4LTRjYjctOTU0MC0yOTMyMGI1YTQyY2I;Y2lzY29zcGFyazovL3VzL0xJQ0VOU0UvZTVmN2Q5NzMtYjI2OS00Njg2LTk5N2UtNDUxMTkxNjhjZWQyOkZUTV9mNWZkZTM1Zi00NzA0LTQ2MGEtODEwZi00YzVkMzUyNDFlNjk,,False
Y2lzY29zcGFyazovL3VzL1BFT1BMRS9jOGViYWNjOC03YmMxLTQ5YWUtYTAwMy1mMWI2Yjg5MmUyMDE,sofa.martn.20260208111909.8294@lab.example.com,Sofía Martín,unknown,,Y2lzY29zcGFyazovL3VzL0xJQ0VOU0UvZTVmN2Q5NzMtYjI2OS00Njg2LTk5N2UtNDUxMTkxNjhjZWQyOkZUQ19hMjQ3MzgyOC1hOTgwLTQ3MmYtODE5ZC02YjljY2UwOGU5MmI;Y2lzY29zcGFyazovL3VzL0xJQ0VOU0UvZTVmN2Q5NzMtYjI2OS00Njg2LTk5N2UtNDUxMTkxNjhjZWQyOkZNU185ZWNhNzgxNC0zMzEzLTQ2NGYtOTY0Mi0wMjM5ODc1YmM5Zjg;Y2lzY29zcGFyazovL3VzL0xJQ0VOU0UvZTVmN2Q5NzMtYjI2OS00Njg2LTk5N2UtNDUxMTkxNjhjZWQyOkZTU18xYjcyOGZmOS03ZGU4LTRjYjctOTU0MC0yOTMyMGI1YTQyY2I;Y2lzY29zcGFyazovL3VzL0xJQ0VOU0UvZTVmN2Q5NzMtYjI2OS00Njg2LTk5N2UtNDUxMTkxNjhjZWQyOkZUTV9mNWZkZTM1Zi00NzA0LTQ2MGEtODEwZi00YzVkMzUyNDFlNjk,,False
Y2lzY29zcGFyazovL3VzL1BFT1BMRS82MGNkZTc2MS03N2UyLTQ3YmItYmJiMS0zNmIzOTg3NDlkYjI,usuario.sandbox+20251224-182926-8d30@tudominio.com,Usuario Sandbox 20251224-182926-8d30,unknown,,Y2lzY29zcGFyazovL3VzL0xJQ0VOU0UvZTVmN2Q5NzMtYjI2OS00Njg2LTk5N2UtNDUxMTkxNjhjZWQyOkZUQ19hMjQ3MzgyOC1hOTgwLTQ3MmYtODE5ZC02YjljY2UwOGU5MmI;Y2lzY29zcGFyazovL3VzL0xJQ0VOU0UvZTVmN2Q5NzMtYjI2OS00Njg2LTk5N2UtNDUxMTkxNjhjZWQyOkZNU185ZWNhNzgxNC0zMzEzLTQ2NGYtOTY0Mi0wMjM5ODc1YmM5Zjg;Y2lzY29zcGFyazovL3VzL0xJQ0VOU0UvZTVmN2Q5NzMtYjI2OS00Njg2LTk5N2UtNDUxMTkxNjhjZWQyOkZTU18xYjcyOGZmOS03ZGU4LTRjYjctOTU0MC0yOTMyMGI1YTQyY2I;Y2lzY29zcGFyazovL3VzL0xJQ0VOU0UvZTVmN2Q5NzMtYjI2OS00Njg2LTk5N2UtNDUxMTkxNjhjZWQyOkZUTV9mNWZkZTM1Zi00NzA0LTQ2MGEtODEwZi00YzVkMzUyNDFlNjk,,False
Y2lzY29zcGFyazovL3VzL1BFT1BMRS8zNGUwZGRjZi0zNWQyLTQzODMtOTYyZS1kN2IzYjY3OTk3YTc,usuario.sandbox+20251224-183255-8e0a@tudominio.com,Usuario Sandbox 20251224-183255-8e0a,unknown,,Y2lzY29zcGFyazovL3VzL0xJQ0VOU0UvZTVmN2Q5NzMtYjI2OS00Njg2LTk5N2UtNDUxMTkxNjhjZWQyOkZUQ19hMjQ3MzgyOC1hOTgwLTQ3MmYtODE5ZC02YjljY2UwOGU5MmI;Y2lzY29zcGFyazovL3VzL0xJQ0VOU0UvZTVmN2Q5NzMtYjI2OS00Njg2LTk5N2UtNDUxMTkxNjhjZWQyOkZNU185ZWNhNzgxNC0zMzEzLTQ2NGYtOTY0Mi0wMjM5ODc1YmM5Zjg;Y2lzY29zcGFyazovL3VzL0xJQ0VOU0UvZTVmN2Q5NzMtYjI2OS00Njg2LTk5N2UtNDUxMTkxNjhjZWQyOkZTU18xYjcyOGZmOS03ZGU4LTRjYjctOTU0MC0yOTMyMGI1YTQyY2I;Y2lzY29zcGFyazovL3VzL0xJQ0VOU0UvZTVmN2Q5NzMtYjI2OS00Njg2LTk5N2UtNDUxMTkxNjhjZWQyOkZUTV9mNWZkZTM1Zi00NzA0LTQ2MGEtODEwZi00YzVkMzUyNDFlNjk,,False
Y2lzY29zcGFyazovL3VzL1BFT1BMRS9hZjFhMGE3My1mMDBkLTQwMGUtOTMxZC02YTRiNmNmNGI4Y2Q,v21.people.20260214184833@lab.example.com,V21 People 184833,unknown,,Y2lzY29zcGFyazovL3VzL0xJQ0VOU0UvZTVmN2Q5NzMtYjI2OS00Njg2LTk5N2UtNDUxMTkxNjhjZWQyOkZUQ19hMjQ3MzgyOC1hOTgwLTQ3MmYtODE5ZC02YjljY2UwOGU5MmI;Y2lzY29zcGFyazovL3VzL0xJQ0VOU0UvZTVmN2Q5NzMtYjI2OS00Njg2LTk5N2UtNDUxMTkxNjhjZWQyOkZNU185ZWNhNzgxNC0zMzEzLTQ2NGYtOTY0Mi0wMjM5ODc1YmM5Zjg;Y2lzY29zcGFyazovL3VzL0xJQ0VOU0UvZTVmN2Q5NzMtYjI2OS00Njg2LTk5N2UtNDUxMTkxNjhjZWQyOkZTU18xYjcyOGZmOS03ZGU4LTRjYjctOTU0MC0yOTMyMGI1YTQyY2I;Y2lzY29zcGFyazovL3VzL0xJQ0VOU0UvZTVmN2Q5NzMtYjI2OS00Njg2LTk5N2UtNDUxMTkxNjhjZWQyOkZUTV9mNWZkZTM1Zi00NzA0LTQ2MGEtODEwZi00YzVkMzUyNDFlNjk;Y2lzY29zcGFyazovL3VzL0xJQ0VOU0UvZTVmN2Q5NzMtYjI2OS00Njg2LTk5N2UtNDUxMTkxNjhjZWQyOlJUVF9lMjIyYWY1My05ZWJiLTQ3ZTEtOWMyYS04ZGIzNDQ3OTkxNTY,,False
