selected,person_id,target_location_id
,Y2lzY29zcGFyazovL3VzL1BFT1BMRS8xZWZiZjQ1Ny0zZWRkLTQ0MDUtYWNhYi1hNGZjMjY4ZmMyM2I,REEMPLAZAR_CON_LOCATION_ID_EXISTENTE
,Y2lzY29zcGFyazovL3VzL1BFT1BMRS9iYzliYjY2OC0xY2FlLTQ4YjItODcyYy01MDg5ZDRkNGI3ZWI,REEMPLAZAR_CON_LOCATION_ID_EXISTENTE
,Y2lzY29zcGFyazovL3VzL1BFT1BMRS8yNTgxMzQ0Ny05MjA2LTQ1ODYtOTVhNC01YWM1NzliYzAwOGE,REEMPLAZAR_CON_LOCATION_ID_EXISTENTE
,Y2lzY29zcGFyazovL3VzL1BFT1BMRS9jYWRiNGQ2MC1kNmU1LTRiYzgtYjFhNi1lYzZkYzg2NmJhYmM,REEMPLAZAR_CON_LOCATION_ID_EXISTENTE
,Y2lzY29zcGFyazovL3VzL1BFT1BMRS8wZWRlNmUwNS1iNTk2LTQwOTktYTA5ZC0yNmJlODdlMDUzNzY,REEMPLAZAR_CON_LOCATION_ID_EXISTENTE
,Y2lzY29zcGFyazovL3VzL1BFT1BMRS8zYmJhNTYxNi1hMjlhLTRmNjktOTBjNy0zMDcyMTM2NjA3ZDA,REEMPLAZAR_CON_LOCATION_ID_EXISTENTE
,Y2lzY29zcGFyazovL3VzL1BFT1BMRS9mYzNiZGJmZi0wM2YxLTQzMTctOGU5My02OGVjN2NmNGJlMjk,REEMPLAZAR_CON_LOCATION_ID_EXISTENTE
,Y2lzY29zcGFyazovL3VzL1BFT1BMRS81MjYxMWNkMS1jMTJmLTQxNjgtODc1My04MDdmODJiOTYwNGQ,REEMPLAZAR_CON_LOCATION_ID_EXISTENTE
,Y2lzY29zcGFyazovL3VzL1BFT1BMRS84ZDg3OGMxMS1kMGUzLTRiZjAtOGNkYy0zYjIwNDlkYjBkNzE,REEMPLAZAR_CON_LOCATION_ID_EXISTENTE
,Y2lzY29zcGFyazovL3VzL1BFT1BMRS8yNDBkMjVhNS1jMzBlLTQxODYtYjM4Mi03M2VlN2ZlMDJhNWI,REEMPLAZAR_CON_LOCATION_ID_EXISTENTE
,Y2lzY29zcGFyazovL3VzL1BFT1BMRS9hMmVmODZiMy0wMzk2LTQ1ZTUtOTg3Mi1jMTYwMGEyNzU0OGY,REEMPLAZAR_CON_LOCATION_ID_EXISTENTE
,Y2lzY29zcGFyazovL3VzL1BFT1BMRS84MzMzOWEzOS1kMmUxLTQ4NDUtOGFjZC0zY2ZkNzhkOWM1MWM,REEMPLAZAR_CON_LOCATION_ID_EXISTENTE
,Y2lzY29zcGFyazovL3VzL1BFT1BMRS85ZmY0MzRjNC01NDkzLTRmNWEtYThhNC1lZjc1YmE5Mjc4Nzg,REEMPLAZAR_CON_LOCATION_ID_EXISTENTE
,Y2lzY29zcGFyazovL3VzL1BFT1BMRS84MmU4MzRiOS0wZWFlLTQyM2MtOWJkMC03ODIwOWIxMDNhYjg,REEMPLAZAR_CON_LOCATION_ID_EXISTENTE
,Y2lzY29zcGFyazovL3VzL1BFT1BMRS84NWJmNTBmOC03Mjc4LTRkNTMtOWQ1ZS1jOTc3ZjU2MWNhMjA,REEMPLAZAR_CON_LOCATION_ID_EXISTENTE
,Y2lzY29zcGFyazovL3VzL1BFT1BMRS9mMWMxMjE4My02MjZmLTRjNDItOTBjYi01ZTliNGJkMjlkZWQ,REEMPLAZAR_CON_LOCATION_ID_EXISTENTE
,Y2lzY29zcGFyazovL3VzL1BFT1BMRS8wZDg4NjgxNC1lMjFhLTQ5NjUtYjRkYi1lN2EzMmRkMjVlNzE,REEMPLAZAR_CON_LOCATION_ID_EXISTENTE
,Y2lzY29zcGFyazovL3VzL1BFT1BMRS9lNTAwNmQ5OS1jNjhiLTQ2YWMtYWVjMi0yMTUyOTNlMDhjYTY,REEMPLAZAR_CON_LOCATION_ID_EXISTENTE
,Y2lzY29zcGFyazovL3VzL1BFT1BMRS9mMThjZjJmNy1hNzgwLTQwZTctYTEwNi1lODVkYTAwNDljZDU,REEMPLAZAR_CON_LOCATION_ID_EXISTENTE
,Y2lzY29zcGFyazovL3VzL1BFT1BMRS80MmM5NDc1ZS1mZTc4LTRkYjctOTAzMi0zYWMyYTM1ZTM1Yzc,REEMPLAZAR_CON_LOCATION_ID_EXISTENTE
,Y2lzY29zcGFyazovL3VzL1BFT1BMRS84NDliOTQ5MS03MGFiLTRkOTItYWU3ZC0wYzQ0ZTA1MTk5OTc,REEMPLAZAR_CON_LOCATION_ID_EXISTENTE
,Y2lzY29zcGFyazovL3VzL1BFT1BMRS80MTgxOTcwMy1jNmVkLTQ1M2UtYjRkOC04NmQ4M2E4MTMxNTE,REEMPLAZAR_CON_LOCATION_ID_EXISTENTE
,Y2lzY29zcGFyazovL3VzL1BFT1BMRS8zNDIzMzFiMi0xZjE0LTQxM2EtOGQxOC1jMjA0MzI5NGQ4N2Q,REEMPLAZAR_CON_LOCATION_ID_EXISTENTE
,Y2lzY29zcGFyazovL3VzL1BFT1BMRS9mNDMzOGFhYi1lNWM4LTRmOGUtOWUwOC1mNWIzNDkyOWExOTA,REEMPLAZAR_CON_LOCATION_ID_EXISTENTE
,Y2lzY29zcGFyazovL3VzL1BFT1BMRS9kN2ZmYWYzMS1mZjg0LTQ4NTQtYTI0Yi1jYzg4YTNmYTI0ODI,REEMPLAZAR_CON_LOCATION_ID_EXISTENTE
,Y2lzY29zcGFyazovL3VzL1BFT1BMRS84YzEzMDljNC1mNWU1LTRkMGEtYWZmOS05M2ZjNmQyZGE3Yzk,REEMPLAZAR_CON_LOCATION_ID_EXISTENTE
,Y2lzY29zcGFyazovL3VzL1BFT1BMRS80OWZhZTIyMC02OGZlLTQ2NzEtYmU1My03Y2UxZDgzZTQ1ZDE,REEMPLAZAR_CON_LOCATION_ID_EXISTENTE
,Y2lzY29zcGFyazovL3VzL1BFT1BMRS9iZTQxZmMwZi1jMTY3LTRjNTUtYjAwMC1lNjZiOTEzMzQzNTA,REEMPLAZAR_CON_LOCATION_ID_EXISTENTE
,Y2lzY29zcGFyazovL3VzL1BFT1BMRS9kYjIxN2E0NC1iM2IyLTQ5NTQtOWNkYS1mOGRlOGQ1OWQ1YjI,REEMPLAZAR_CON_LOCATION_ID_EXISTENTE
,Y2lzY29zcGFyazovL3VzL1BFT1BMRS8xYTE1OGE4NS1jODQ5LTQ1OGYtYWQ0ZS02MmI5MTVkMjI5MTY,REEMPLAZAR_CON_LOCATION_ID_EXISTENTE
,Y2lzY29zcGFyazovL3VzL1BFT1BMRS82NDBhNjNmYS05ZGQ1LTQ3YjYtYjRiYi1hNGU2YWM4MTMxOTE,REEMPLAZAR_CON_LOCATION_ID_EXISTENTE
,Y2lzY29zcGFyazovL3VzL1BFT1BMRS84MTg5ZTBhMy0wMWUxLTRkOTAtYTk2NS0xNmM3Zjc4YzNlNDc,REEMPLAZAR_CON_LOCATION_ID_EXISTENTE
,Y2lzY29zcGFyazovL3VzL1BFT1BMRS8xYzY5YjFjOC1lYTA1LTQ3MjYtOWZhMS03YTE2ZTI5ODM5YzI,REEMPLAZAR_CON_LOCATION_ID_EXISTENTE
,Y2lzY29zcGFyazovL3VzL1BFT1BMRS81Mjk0YjI4Mi04MGNiLTRkMDAtOWFmZC05YjcwYjYyOGMzYjg,REEMPLAZAR_CON_LOCATION_ID_EXISTENTE
,Y2lzY29zcGFyazovL3VzL1BFT1BMRS9iMDJkMzIwOS0wYTc5LTQ4NmEtOTI1NC0yNzAzOWZmMmM4ZjA,REEMPLAZAR_CON_LOCATION_ID_EXISTENTE
,Y2lzY29zcGFyazovL3VzL1BFT1BMRS8yOTczNTg1ZC02NmY3LTQ1NDItYTg3Yi0zNmI1NzU5ZGUzZWI,REEMPLAZAR_CON_LOCATION_ID_EXISTENTE
,Y2lzY29zcGFyazovL3VzL1BFT1BMRS8wMjA0Yjg3Yy0zOGNkLTQ3MDItYmM3OC1mNGVjY2I3YzIzYWM,REEMPLAZAR_CON_LOCATION_ID_EXISTENTE
,Y2lzY29zcGFyazovL3VzL1BFT1BMRS9iMGUwNDk5MS1hYmE4LTRmYmMtOWI3NC1lMjA1NzJjYjY2NWM,REEMPLAZAR_CON_LOCATION_ID_EXISTENTE
,Y2lzY29zcGFyazovL3VzL1BFT1BMRS8yMzUyYzIwZi1hZDMzLTQ2YjYtODgxNS00MGUzMDhkYWVkNWQ,REEMPLAZAR_CON_LOCATION_ID_EXISTENTE
,Y2lzY29zcGFyazovL3VzL1BFT1BMRS9jZTQ0NTAxNC04NGYyLTQzYmMtYjNmZi01Njk0ODJhNjM1OGU,REEMPLAZAR_CON_LOCATION_ID_EXISTENTE
,Y2lzY29zcGFyazovL3VzL1BFT1BMRS80MTNkODk5OC1mOGZiLTQ0MzUtODBkYi1kYzhiYTM0MjQ2NTg,REEMPLAZAR_CON_LOCATION_ID_EXISTENTE
,Y2lzY29zcGFyazovL3VzL1BFT1BMRS81M2I0ZmE0Yy0xMDIyLTRlNGQtYjUxMC1hNjljN2U2OTE5NmI,REEMPLAZAR_CON_LOCATION_ID_EXISTENTE
,Y2lzY29zcGFyazovL3VzL1BFT1BMRS84MDBmNzVhMC0xNDVhLTQxZGEtYjExOS0xNjc5YTE3YTJjZGM,REEMPLAZAR_CON_LOCATION_ID_EXISTENTE
,Y2lzY29zcGFyazovL3VzL1BFT1BMRS9jMDFmMDY5MS02N2VkLTQyMGMtODE3Zi03M2Y3ZDc1NmQ4ZmM,REEMPLAZAR_CON_LOCATION_ID_EXISTENTE
,Y2lzY29zcGFyazovL3VzL1BFT1BMRS9jOGViYWNjOC03YmMxLTQ5YWUtYTAwMy1mMWI2Yjg5MmUyMDE,REEMPLAZAR_CON_LOCATION_ID_EXISTENTE
,Y2lzY29zcGFyazovL3VzL1BFT1BMRS82MGNkZTc2MS03N2UyLTQ3YmItYmJiMS0zNmIzOTg3NDlkYjI,REEMPLAZAR_CON_LOCATION_ID_EXISTENTE
,Y2lzY29zcGFyazovL3VzL1BFT1BMRS8zNGUwZGRjZi0zNWQyLTQzODMtOTYyZS1kN2IzYjY3OTk3YTc,REEMPLAZAR_CON_LOCATION_ID_EXISTENTE
