group_id,name
Y2lzY29zcGFyazovL3VzL1NDSU1fR1JPVVAvMWRkNTQ2ZmUtMWRiMi00YzM1LWEwNjItMWFjYWY0NzZkYTQ0OmU1ZjdkOTczLWIyNjktNDY4Ni05OTdlLTQ1MTE5MTY4Y2VkMg,grupo_1
Y2lzY29zcGFyazovL3VzL1NDSU1fR1JPVVAvMzllMGY3YjItODcyYy00MDlhLWEzMjYtYTA2NmI3NjJmZjhhOmU1ZjdkOTczLWIyNjktNDY4Ni05OTdlLTQ1MTE5MTY4Y2VkMg,LAB-GROUP-VOICE
Y2lzY29zcGFyazovL3VzL1NDSU1fR1JPVVAvYzZmODU0NmItMTg3NS00N2NiLWE4MmEtMWQ0NzIzYTI5YWFhOmU1ZjdkOTczLWIyNjktNDY4Ni05OTdlLTQ1MTE5MTY4Y2VkMg,LAB-GROUP-VOICE
Y2lzY29zcGFyazovL3VzL1NDSU1fR1JPVVAvN2ViYWYyOTItMWYxYy00Zjk2LWJiNGYtYzQ5MDU3MGNmNTk5OmU1ZjdkOTczLWIyNjktNDY4Ni05OTdlLTQ1MTE5MTY4Y2VkMg,LAB-GROUP-VOICE
Y2lzY29zcGFyazovL3VzL1NDSU1fR1JPVVAvYTU0YTFiZTctY2Y3MS00YzdhLWJkMDEtNjM0NmFkZTE1Mjk1OmU1ZjdkOTczLWIyNjktNDY4Ni05OTdlLTQ1MTE5MTY4Y2VkMg,LAB-GROUP-VOICE
Y2lzY29zcGFyazovL3VzL1NDSU1fR1JPVVAvYmI2YWU2NDYtYzY4My00ODc4LTg2NGYtZmEwOWY3M2ZiYmY0OmU1ZjdkOTczLWIyNjktNDY4Ni05OTdlLTQ1MTE5MTY4Y2VkMg,LAB-GROUP-VOICE
Y2lzY29zcGFyazovL3VzL1NDSU1fR1JPVVAvZmMxOGI1N2UtMjA2Mi00YmI5LTg3YjAtNjI2ZjJkZDQwZmE0OmU1ZjdkOTczLWIyNjktNDY4Ni05OTdlLTQ1MTE5MTY4Y2VkMg,LAB-GROUP-VOICE
Y2lzY29zcGFyazovL3VzL1NDSU1fR1JPVVAvZmNhOWMzYzMtMmZhZC00ZmI4LTkyMTctMWNjMzRiNmY2MWM5OmU1ZjdkOTczLWIyNjktNDY4Ni05OTdlLTQ1MTE5MTY4Y2VkMg,LAB-GROUP-VOICE
Y2lzY29zcGFyazovL3VzL1NDSU1fR1JPVVAvNmI4YTVlNDktMjUwNy00OTA4LWFmYTktN2I4ZDVhNThlOGUwOmU1ZjdkOTczLWIyNjktNDY4Ni05OTdlLTQ1MTE5MTY4Y2VkMg,LAB-GROUP-VOICE
Y2lzY29zcGFyazovL3VzL1NDSU1fR1JPVVAvZmFlZDU5NDUtYzZlZC00YjQwLWJkMGYtMjM5YzAzZmMyZjdjOmU1ZjdkOTczLWIyNjktNDY4Ni05OTdlLTQ1MTE5MTY4Y2VkMg,LAB-GROUP-VOICE
Y2lzY29zcGFyazovL3VzL1NDSU1fR1JPVVAvYjJjNTJkZTctYTlmMS00MWUxLThkZGQtNzRmY2MyNGM2ZTY5OmU1ZjdkOTczLWIyNjktNDY4Ni05OTdlLTQ1MTE5MTY4Y2VkMg,LAB-GROUP-VOICE
Y2lzY29zcGFyazovL3VzL1NDSU1fR1JPVVAvYTJmYzJhZDQtNjA0Mi00OWY3LWJlMjEtMTI3MDEyNmVkYWEzOmU1ZjdkOTczLWIyNjktNDY4Ni05OTdlLTQ1MTE5MTY4Y2VkMg,LAB-GROUP-VOICE
Y2lzY29zcGFyazovL3VzL1NDSU1fR1JPVVAvN2Q5YzNhNTktMTVhNy00YzA2LWI4NTQtYjI5ZTkxYzk5MDAzOmU1ZjdkOTczLWIyNjktNDY4Ni05OTdlLTQ1MTE5MTY4Y2VkMg,LAB-GROUP-VOICE
Y2lzY29zcGFyazovL3VzL1NDSU1fR1JPVVAvMGIzYWE0N2UtNDI3ZS00NzUxLWE3ZWQtNDMwYjZmNDUyZTJhOmU1ZjdkOTczLWIyNjktNDY4Ni05OTdlLTQ1MTE5MTY4Y2VkMg,LAB-GROUP-VOICE
Y2lzY29zcGFyazovL3VzL1NDSU1fR1JPVVAvNDAzN2EyMTktOGRlZi00ZTU1LWFiMjctYTBjMzE0MDEzYzkzOmU1ZjdkOTczLWIyNjktNDY4Ni05OTdlLTQ1MTE5MTY4Y2VkMg,LAB-GROUP-VOICE
Y2lzY29zcGFyazovL3VzL1NDSU1fR1JPVVAvYjNkYzMzYWMtOWE2My00NjUyLWFlNmMtMDI5MTJmNDI1NGY1OmU1ZjdkOTczLWIyNjktNDY4Ni05OTdlLTQ1MTE5MTY4Y2VkMg,LAB-GROUP-VOICE
Y2lzY29zcGFyazovL3VzL1NDSU1fR1JPVVAvOTVkMjVmNDctYmFjNy00N2Q3LWFiMjYtYTIxZjZhNTg5NTA5OmU1ZjdkOTczLWIyNjktNDY4Ni05OTdlLTQ1MTE5MTY4Y2VkMg,LAB-GROUP-VOICE
Y2lzY29zcGFyazovL3VzL1NDSU1fR1JPVVAvOTVkMTEyYjItM2UzNC00NTNiLTljZjQtYTEwYzk5MGUxNDY3OmU1ZjdkOTczLWIyNjktNDY4Ni05OTdlLTQ1MTE5MTY4Y2VkMg,LAB-GROUP-VOICE
Y2lzY29zcGFyazovL3VzL1NDSU1fR1JPVVAvM2U3NTNkNDktZjEzYy00ZDA3LTk0YTMtYWI4OWZlMjY2MGYxOmU1ZjdkOTczLWIyNjktNDY4Ni05OTdlLTQ1MTE5MTY4Y2VkMg,LAB-GROUP-VOICE
Y2lzY29zcGFyazovL3VzL1NDSU1fR1JPVVAvMmRjMGM2ZDAtYzk4Mi00MTVmLTg2YTYtMDFlOTM1ODRkMTg0OmU1ZjdkOTczLWIyNjktNDY4Ni05OTdlLTQ1MTE5MTY4Y2VkMg,LAB-GROUP-VOICE
Y2lzY29zcGFyazovL3VzL1NDSU1fR1JPVVAvOTFkOGNkZDQtNmIwMC00ODEwLTllZTYtMDA1MGFkY2M4ODk5OmU1ZjdkOTczLWIyNjktNDY4Ni05OTdlLTQ1MTE5MTY4Y2VkMg,LAB-GROUP-VOICE
Y2lzY29zcGFyazovL3VzL1NDSU1fR1JPVVAvZjk0YmEzYzMtYTg4My00Njc4LWIxNDctMDg4ZGIxMjUwNTQ0OmU1ZjdkOTczLWIyNjktNDY4Ni05OTdlLTQ1MTE5MTY4Y2VkMg,LAB-GROUP-VOICE
Y2lzY29zcGFyazovL3VzL1NDSU1fR1JPVVAvOTYwYmEyYmEtZDFmZi00NzUwLWE0MTgtMTAxNmU4MzQxZjEwOmU1ZjdkOTczLWIyNjktNDY4Ni05OTdlLTQ1MTE5MTY4Y2VkMg,LAB-GROUP-VOICE
Y2lzY29zcGFyazovL3VzL1NDSU1fR1JPVVAvNDQxNjg5NjktM2M2MC00ZDc3LWE4ODYtODY2YTQwYWFkOTg1OmU1ZjdkOTczLWIyNjktNDY4Ni05OTdlLTQ1MTE5MTY4Y2VkMg,LAB-GROUP-VOICE
Y2lzY29zcGFyazovL3VzL1NDSU1fR1JPVVAvNThkMDU0NWUtYWRmYy00NGI2LTg3ZmEtMWM1ZDUyOWJhMmE2OmU1ZjdkOTczLWIyNjktNDY4Ni05OTdlLTQ1MTE5MTY4Y2VkMg,LAB-GROUP-VOICE
Y2lzY29zcGFyazovL3VzL1NDSU1fR1JPVVAvZTU3MzJlODYtMWZjYS00ZTQ2LTljNjEtZDdkY2FkZDEwYTJkOmU1ZjdkOTczLWIyNjktNDY4Ni05OTdlLTQ1MTE5MTY4Y2VkMg,LAB-GROUP-VOICE
Y2lzY29zcGFyazovL3VzL1NDSU1fR1JPVVAvYTgxNzVmODgtYjI1YS00YTQyLTg4ODEtZDE0OGM4MDZhNmFhOmU1ZjdkOTczLWIyNjktNDY4Ni05OTdlLTQ1MTE5MTY4Y2VkMg,LAB-GROUP-VOICE
Y2lzY29zcGFyazovL3VzL1NDSU1fR1JPVVAvYjcxODY5YjUtZjkyMy00ODVkLThhNTItZjAxZTNmNWFmY2ZhOmU1ZjdkOTczLWIyNjktNDY4Ni05OTdlLTQ1MTE5MTY4Y2VkMg,LAB-GROUP-VOICE
Y2lzY29zcGFyazovL3VzL1NDSU1fR1JPVVAvZjY5YzE4ZjgtZDkxZS00ZGI1LTg4NGQtYzUyOTU1MzM5MTkxOmU1ZjdkOTczLWIyNjktNDY4Ni05OTdlLTQ1MTE5MTY4Y2VkMg,LAB-GROUP-VOICE
Y2lzY29zcGFyazovL3VzL1NDSU1fR1JPVVAvNzczMmM0ZmMtZTdkMC00M2RmLWEwOWMtNzk0MTk0YTkyZTRiOmU1ZjdkOTczLWIyNjktNDY4Ni05OTdlLTQ1MTE5MTY4Y2VkMg,LAB-GROUP-VOICE
Y2lzY29zcGFyazovL3VzL1NDSU1fR1JPVVAvZTBmZDk1Y2UtZjQzOC00ZGU2LWJhM2ItYjJjMmJhMGJiYTRjOmU1ZjdkOTczLWIyNjktNDY4Ni05OTdlLTQ1MTE5MTY4Y2VkMg,LAB-GROUP-VOICE
Y2lzY29zcGFyazovL3VzL1NDSU1fR1JPVVAvYzA5M2FkZTUtYTY4MS00YWM2LWE0OGUtZjYwODc4MTgyYTYwOmU1ZjdkOTczLWIyNjktNDY4Ni05OTdlLTQ1MTE5MTY4Y2VkMg,LAB-GROUP-VOICE
Y2lzY29zcGFyazovL3VzL1NDSU1fR1JPVVAvMWQ4YjgzNGQtMDYxNi00YjEzLWFhMGEtODk3NjVhZTU1NDBiOmU1ZjdkOTczLWIyNjktNDY4Ni05OTdlLTQ1MTE5MTY4Y2VkMg,LAB-GROUP-VOICE
Y2lzY29zcGFyazovL3VzL1NDSU1fR1JPVVAvNjk5YmY1N2YtZmI0ZS00NGZiLWE2YTEtMGZlMmViZWU4MjU0OmU1ZjdkOTczLWIyNjktNDY4Ni05OTdlLTQ1MTE5MTY4Y2VkMg,LAB-GROUP-VOICE
Y2lzY29zcGFyazovL3VzL1NDSU1fR1JPVVAvMjRhYTllZjQtNWVhOS00YmQ3LWI2ZDUtNTdiNjdiYzVhMzg0OmU1ZjdkOTczLWIyNjktNDY4Ni05OTdlLTQ1MTE5MTY4Y2VkMg,LAB-GROUP-VOICE
Y2lzY29zcGFyazovL3VzL1NDSU1fR1JPVVAvNTMzNzJhYzYtNmZmZC00YzM4LTg4NWYtNTM0ZjBmMGI0OGZhOmU1ZjdkOTczLWIyNjktNDY4Ni05OTdlLTQ1MTE5MTY4Y2VkMg,LAB-GROUP-VOICE
Y2lzY29zcGFyazovL3VzL1NDSU1fR1JPVVAvZWY1NGViNDktYzg0Ny00ZDUwLWFjYjctNWEwN2FmNjIwZmRhOmU1ZjdkOTczLWIyNjktNDY4Ni05OTdlLTQ1MTE5MTY4Y2VkMg,LAB-GROUP-VOICE
Y2lzY29zcGFyazovL3VzL1NDSU1fR1JPVVAvOTRiODBhODItNmRmYi00MzM4LTkwOWMtODc3MGE0ODJkZDAyOmU1ZjdkOTczLWIyNjktNDY4Ni05OTdlLTQ1MTE5MTY4Y2VkMg,LAB-GROUP-VOICE
Y2lzY29zcGFyazovL3VzL1NDSU1fR1JPVVAvMDExNGI4ZGMtMTM4MC00ODU2LWFkOTgtZTE0ZGVhMmUyNTc4OmU1ZjdkOTczLWIyNjktNDY4Ni05OTdlLTQ1MTE5MTY4Y2VkMg,LAB-GROUP-VOICE
Y2lzY29zcGFyazovL3VzL1NDSU1fR1JPVVAvNzkzYTBjYzMtM2QzYS00MTdlLTkyYjYtMTZjN2EzMjlkNWQ4OmU1ZjdkOTczLWIyNjktNDY4Ni05OTdlLTQ1MTE5MTY4Y2VkMg,LAB-GROUP-VOICE
Y2lzY29zcGFyazovL3VzL1NDSU1fR1JPVVAvODYzNDE0NzctNjE2Mi00NjQ3LThjMGUtYmIxYjhlNzI0MjNjOmU1ZjdkOTczLWIyNjktNDY4Ni05OTdlLTQ1MTE5MTY4Y2VkMg,LAB-GROUP-VOICE
Y2lzY29zcGFyazovL3VzL1NDSU1fR1JPVVAvOTM2NDhlMWUtNjFlYS00Mjk2LWFhNmEtODk2ZjQ2OTYyYjJhOmU1ZjdkOTczLWIyNjktNDY4Ni05OTdlLTQ1MTE5MTY4Y2VkMg,LAB-GROUP-VOICE
Y2lzY29zcGFyazovL3VzL1NDSU1fR1JPVVAvYjRhZDkyZGQtNzZhMy00M2I0LWE5ZGItY2ViNmE3Y2JmN2NlOmU1ZjdkOTczLWIyNjktNDY4Ni05OTdlLTQ1MTE5MTY4Y2VkMg,LAB-GROUP-VOICE
Y2lzY29zcGFyazovL3VzL1NDSU1fR1JPVVAvNjY0YzY1NDYtNzhkOC00NjA3LWJlYzgtNmUyNzJiYjBmZGJlOmU1ZjdkOTczLWIyNjktNDY4Ni05OTdlLTQ1MTE5MTY4Y2VkMg,LAB-GROUP-VOICE
Y2lzY29zcGFyazovL3VzL1NDSU1fR1JPVVAvOWZmY2RkNTYtOTQxZS00NGE5LWIyMDQtYjMzYmI4MjZkZjQ1OmU1ZjdkOTczLWIyNjktNDY4Ni05OTdlLTQ1MTE5MTY4Y2VkMg,LAB-GROUP-VOICE
Y2lzY29zcGFyazovL3VzL1NDSU1fR1JPVVAvZjhmNmY1OGYtOTI1NS00NGMwLWI5Y2YtNDk0MGQ2YmM5YjZkOmU1ZjdkOTczLWIyNjktNDY4Ni05OTdlLTQ1MTE5MTY4Y2VkMg,LAB-GROUP-VOICE
Y2lzY29zcGFyazovL3VzL1NDSU1fR1JPVVAvZjMwZWRhOGYtZDFhMS00ZDFiLWFlNTEtOGE3MDA5ZmQ0OTEyOmU1ZjdkOTczLWIyNjktNDY4Ni05OTdlLTQ1MTE5MTY4Y2VkMg,LAB-GROUP-VOICE
Y2lzY29zcGFyazovL3VzL1NDSU1fR1JPVVAvNGZmZDhiZjMtZGUzMS00NDEyLThkZGEtYjQ0MjRiMTE5YjQ4OmU1ZjdkOTczLWIyNjktNDY4Ni05OTdlLTQ1MTE5MTY4Y2VkMg,Site1
Y2lzY29zcGFyazovL3VzL1NDSU1fR1JPVVAvZmM4Njc4ZGEtMGI4Yi00MGVlLThlZWMtM2E3MWU4MWIzNzQ4OmU1ZjdkOTczLWIyNjktNDY4Ni05OTdlLTQ1MTE5MTY4Y2VkMg,Lab Location A
Y2lzY29zcGFyazovL3VzL1NDSU1fR1JPVVAvMWI5OGRmNTctMzkzNi00YTEwLWJiNjctYTdjNmRlYWY5ZWZkOmU1ZjdkOTczLWIyNjktNDY4Ni05OTdlLTQ1MTE5MTY4Y2VkMg,Lab Location B
Y2lzY29zcGFyazovL3VzL1NDSU1fR1JPVVAvYjA0MTk5YzktNzAxMS00YTBjLWJhNDUtZGNiZTU3MDM5Y2ZhOmU1ZjdkOTczLWIyNjktNDY4Ni05OTdlLTQ1MTE5MTY4Y2VkMg,loc-20251224-183255-8e0a
Y2lzY29zcGFyazovL3VzL1NDSU1fR1JPVVAvMGExODIzYWItODMzZi00YzUwLWJmNjMtZGZjZTUzOTc1YmE4OmU1ZjdkOTczLWIyNjktNDY4Ni05OTdlLTQ1MTE5MTY4Y2VkMg,loc-20251224-182147-04bb
Y2lzY29zcGFyazovL3VzL1NDSU1fR1JPVVAvMDY3MDhlZTMtNDVjYy00MWU3LWI2ODktZmYwNTQzYzFlZDcxOmU1ZjdkOTczLWIyNjktNDY4Ni05OTdlLTQ1MTE5MTY4Y2VkMg,loc-20251224-182926-8d30
Y2lzY29zcGFyazovL3VzL1NDSU1fR1JPVVAvZGEyODgxN2MtZmYwMi00NjE5LWJmZTUtMTQyOWUwMGFhOWZiOmU1ZjdkOTczLWIyNjktNDY4Ni05OTdlLTQ1MTE5MTY4Y2VkMg,loc-20251224-182521-0eae
