address_1,city,connection_type,country,direct_number,first_name,group_id,id,language,last_name,license_id,location_id,member_id,member_type,name,person_id,postal_code,raw_json,raw_keys,route_group_id,source_method,state,virtual_line_id,webex_calling_enabled,workspace_id
,,,,,,,,,,,Y2lzY29zcGFyazovL3VzL0xPQ0FUSU9OL2IwNjdlNGE2LTkyZmEtNDE1Yy04MWVjLWM1MTEwYzExMjYyNQ,,,,,,{},,,locations.details,,,False,
,,,,,,,,,,,Y2lzY29zcGFyazovL3VzL0xPQ0FUSU9OL2IwNjdlNGE2LTkyZmEtNDE1Yy04MWVjLWM1MTEwYzExMjYyNQ,,,,,,{},,,locations.details,,,False,
,,,,,,,,,,,Y2lzY29zcGFyazovL3VzL0xPQ0FUSU9OL2IwNjdlNGE2LTkyZmEtNDE1Yy04MWVjLWM1MTEwYzExMjYyNQ,,,,,,{},,,locations.details,,,False,
,,,,,,,,,,,Y2lzY29zcGFyazovL3VzL0xPQ0FUSU9OL2IwNjdlNGE2LTkyZmEtNDE1Yy04MWVjLWM1MTEwYzExMjYyNQ,,,,,,{},,,locations.details,,,False,
,,,,,,,,,,,Y2lzY29zcGFyazovL3VzL0xPQ0FUSU9OL2IwNjdlNGE2LTkyZmEtNDE1Yy04MWVjLWM1MTEwYzExMjYyNQ,,,,,,{},,,locations.details,,,False,
,,,,,,,,,,,Y2lzY29zcGFyazovL3VzL0xPQ0FUSU9OL2IwNjdlNGE2LTkyZmEtNDE1Yy04MWVjLWM1MTEwYzExMjYyNQ,,,,,,{},,,locations.details,,,False,
,,,,,,,,,,,Y2lzY29zcGFyazovL3VzL0xPQ0FUSU9OL2IwNjdlNGE2LTkyZmEtNDE1Yy04MWVjLWM1MTEwYzExMjYyNQ,,,,,,{},,,locations.details,,,False,
,,,,,,,,,,,Y2lzY29zcGFyazovL3VzL0xPQ0FUSU9OL2IwNjdlNGE2LTkyZmEtNDE1Yy04MWVjLWM1MTEwYzExMjYyNQ,,,,,,{},,,locations.details,,,False,
,,,,,,,,,,,Y2lzY29zcGFyazovL3VzL0xPQ0FUSU9OL2IwNjdlNGE2LTkyZmEtNDE1Yy04MWVjLWM1MTEwYzExMjYyNQ,,,,,,{},,,locations.details,,,False,
,,,,,,,,,,,Y2lzY29zcGFyazovL3VzL0xPQ0FUSU9OL2IwNjdlNGE2LTkyZmEtNDE1Yy04MWVjLWM1MTEwYzExMjYyNQ,,,,,,{},,,locations.details,,,False,
,,,,,,,,,,,Y2lzY29zcGFyazovL3VzL0xPQ0FUSU9OL2ZjODY3OGRhLTBiOGItNDBlZS04ZWVjLTNhNzFlODFiMzc0OA,,,,,,{},,,locations.details,,,False,
,,,,,,,,,,,Y2lzY29zcGFyazovL3VzL0xPQ0FUSU9OL2ZjODY3OGRhLTBiOGItNDBlZS04ZWVjLTNhNzFlODFiMzc0OA,,,,,,{},,,locations.details,,,False,
,,,,,,,,,,,Y2lzY29zcGFyazovL3VzL0xPQ0FUSU9OL2ZjODY3OGRhLTBiOGItNDBlZS04ZWVjLTNhNzFlODFiMzc0OA,,,,,,{},,,locations.details,,,False,
,,,,,,,,,,,Y2lzY29zcGFyazovL3VzL0xPQ0FUSU9OL2ZjODY3OGRhLTBiOGItNDBlZS04ZWVjLTNhNzFlODFiMzc0OA,,,,,,{},,,locations.details,,,False,
,,,,,,,,,,,Y2lzY29zcGFyazovL3VzL0xPQ0FUSU9OL2ZjODY3OGRhLTBiOGItNDBlZS04ZWVjLTNhNzFlODFiMzc0OA,,,,,,{},,,locations.details,,,False,
,,,,,,,,,,,Y2lzY29zcGFyazovL3VzL0xPQ0FUSU9OL2ZjODY3OGRhLTBiOGItNDBlZS04ZWVjLTNhNzFlODFiMzc0OA,,,,,,{},,,locations.details,,,False,
,,,,,,,,,,,Y2lzY29zcGFyazovL3VzL0xPQ0FUSU9OL2ZjODY3OGRhLTBiOGItNDBlZS04ZWVjLTNhNzFlODFiMzc0OA,,,,,,{},,,locations.details,,,False,
,,,,,,,,,,,Y2lzY29zcGFyazovL3VzL0xPQ0FUSU9OL2ZjODY3OGRhLTBiOGItNDBlZS04ZWVjLTNhNzFlODFiMzc0OA,,,,,,{},,,locations.details,,,False,
,,,,,,,,,,,Y2lzY29zcGFyazovL3VzL0xPQ0FUSU9OL2ZjODY3OGRhLTBiOGItNDBlZS04ZWVjLTNhNzFlODFiMzc0OA,,,,,,{},,,locations.details,,,False,
,,,,,,,,,,,Y2lzY29zcGFyazovL3VzL0xPQ0FUSU9OL2ZjODY3OGRhLTBiOGItNDBlZS04ZWVjLTNhNzFlODFiMzc0OA,,,,,,{},,,locations.details,,,False,
,,,,,,,,,,,Y2lzY29zcGFyazovL3VzL0xPQ0FUSU9OLzFiOThkZjU3LTM5MzYtNGExMC1iYjY3LWE3YzZkZWFmOWVmZA,,,,,,{},,,locations.details,,,False,
,,,,,,,,,,,Y2lzY29zcGFyazovL3VzL0xPQ0FUSU9OLzFiOThkZjU3LTM5MzYtNGExMC1iYjY3LWE3YzZkZWFmOWVmZA,,,,,,{},,,locations.details,,,False,
,,,,,,,,,,,Y2lzY29zcGFyazovL3VzL0xPQ0FUSU9OLzFiOThkZjU3LTM5MzYtNGExMC1iYjY3LWE3YzZkZWFmOWVmZA,,,,,,{},,,locations.details,,,False,
,,,,,,,,,,,Y2lzY29zcGFyazovL3VzL0xPQ0FUSU9OLzFiOThkZjU3LTM5MzYtNGExMC1iYjY3LWE3YzZkZWFmOWVmZA,,,,,,{},,,locations.details,,,False,
,,,,,,,,,,,Y2lzY29zcGFyazovL3VzL0xPQ0FUSU9OLzFiOThkZjU3LTM5MzYtNGExMC1iYjY3LWE3YzZkZWFmOWVmZA,,,,,,{},,,locations.details,,,False,
,,,,,,,,,,,Y2lzY29zcGFyazovL3VzL0xPQ0FUSU9OLzFiOThkZjU3LTM5MzYtNGExMC1iYjY3LWE3YzZkZWFmOWVmZA,,,,,,{},,,locations.details,,,False,
,,,,,,,,,,,Y2lzY29zcGFyazovL3VzL0xPQ0FUSU9OLzFiOThkZjU3LTM5MzYtNGExMC1iYjY3LWE3YzZkZWFmOWVmZA,,,,,,{},,,locations.details,,,False,
,,,,,,,,,,,Y2lzY29zcGFyazovL3VzL0xPQ0FUSU9OLzFiOThkZjU3LTM5MzYtNGExMC1iYjY3LWE3YzZkZWFmOWVmZA,,,,,,{},,,locations.details,,,False,
,,,,,,,,,,,Y2lzY29zcGFyazovL3VzL0xPQ0FUSU9OLzFiOThkZjU3LTM5MzYtNGExMC1iYjY3LWE3YzZkZWFmOWVmZA,,,,,,{},,,locations.details,,,False,
,,,,,,,,,,,Y2lzY29zcGFyazovL3VzL0xPQ0FUSU9OLzFiOThkZjU3LTM5MzYtNGExMC1iYjY3LWE3YzZkZWFmOWVmZA,,,,,,{},,,locations.details,,,False,
,,,,,,,,,,,Y2lzY29zcGFyazovL3VzL0xPQ0FUSU9OLzBhMTgyM2FiLTgzM2YtNGM1MC1iZjYzLWRmY2U1Mzk3NWJhOA,,,,,,{},,,locations.details,,,False,
,,,,,,,,,,,Y2lzY29zcGFyazovL3VzL0xPQ0FUSU9OLzBhMTgyM2FiLTgzM2YtNGM1MC1iZjYzLWRmY2U1Mzk3NWJhOA,,,,,,{},,,locations.details,,,False,
,,,,,,,,,,,Y2lzY29zcGFyazovL3VzL0xPQ0FUSU9OLzBhMTgyM2FiLTgzM2YtNGM1MC1iZjYzLWRmY2U1Mzk3NWJhOA,,,,,,{},,,locations.details,,,False,
,,,,,,,,,,,Y2lzY29zcGFyazovL3VzL0xPQ0FUSU9OLzBhMTgyM2FiLTgzM2YtNGM1MC1iZjYzLWRmY2U1Mzk3NWJhOA,,,,,,{},,,locations.details,,,False,
,,,,,,,,,,,Y2lzY29zcGFyazovL3VzL0xPQ0FUSU9OLzBhMTgyM2FiLTgzM2YtNGM1MC1iZjYzLWRmY2U1Mzk3NWJhOA,,,,,,{},,,locations.details,,,False,
,,,,,,,,,,,Y2lzY29zcGFyazovL3VzL0xPQ0FUSU9OLzBhMTgyM2FiLTgzM2YtNGM1MC1iZjYzLWRmY2U1Mzk3NWJhOA,,,,,,{},,,locations.details,,,False,
,,,,,,,,,,,Y2lzY29zcGFyazovL3VzL0xPQ0FUSU9OLzBhMTgyM2FiLTgzM2YtNGM1MC1iZjYzLWRmY2U1Mzk3NWJhOA,,,,,,{},,,locations.details,,,False,
,,,,,,,,,,,Y2lzY29zcGFyazovL3VzL0xPQ0FUSU9OLzBhMTgyM2FiLTgzM2YtNGM1MC1iZjYzLWRmY2U1Mzk3NWJhOA,,,,,,{},,,locations.details,,,False,
,,,,,,,,,,,Y2lzY29zcGFyazovL3VzL0xPQ0FUSU9OLzBhMTgyM2FiLTgzM2YtNGM1MC1iZjYzLWRmY2U1Mzk3NWJhOA,,,,,,{},,,locations.details,,,False,
,,,,,,,,,,,Y2lzY29zcGFyazovL3VzL0xPQ0FUSU9OLzBhMTgyM2FiLTgzM2YtNGM1MC1iZjYzLWRmY2U1Mzk3NWJhOA,,,,,,{},,,locations.details,,,False,
,,,,,,,,,,,Y2lzY29zcGFyazovL3VzL0xPQ0FUSU9OL2RhMjg4MTdjLWZmMDItNDYxOS1iZmU1LTE0MjllMDBhYTlmYg,,,,,,{},,,locations.details,,,False,
,,,,,,,,,,,Y2lzY29zcGFyazovL3VzL0xPQ0FUSU9OL2RhMjg4MTdjLWZmMDItNDYxOS1iZmU1LTE0MjllMDBhYTlmYg,,,,,,{},,,locations.details,,,False,
,,,,,,,,,,,Y2lzY29zcGFyazovL3VzL0xPQ0FUSU9OL2RhMjg4MTdjLWZmMDItNDYxOS1iZmU1LTE0MjllMDBhYTlmYg,,,,,,{},,,locations.details,,,False,
,,,,,,,,,,,Y2lzY29zcGFyazovL3VzL0xPQ0FUSU9OL2RhMjg4MTdjLWZmMDItNDYxOS1iZmU1LTE0MjllMDBhYTlmYg,,,,,,{},,,locations.details,,,False,
,,,,,,,,,,,Y2lzY29zcGFyazovL3VzL0xPQ0FUSU9OL2RhMjg4MTdjLWZmMDItNDYxOS1iZmU1LTE0MjllMDBhYTlmYg,,,,,,{},,,locations.details,,,False,
,,,,,,,,,,,Y2lzY29zcGFyazovL3VzL0xPQ0FUSU9OL2RhMjg4MTdjLWZmMDItNDYxOS1iZmU1LTE0MjllMDBhYTlmYg,,,,,,{},,,locations.details,,,False,
,,,,,,,,,,,Y2lzY29zcGFyazovL3VzL0xPQ0FUSU9OL2RhMjg4MTdjLWZmMDItNDYxOS1iZmU1LTE0MjllMDBhYTlmYg,,,,,,{},,,locations.details,,,False,
,,,,,,,,,,,Y2lzY29zcGFyazovL3VzL0xPQ0FUSU9OL2RhMjg4MTdjLWZmMDItNDYxOS1iZmU1LTE0MjllMDBhYTlmYg,,,,,,{},,,locations.details,,,False,
,,,,,,,,,,,Y2lzY29zcGFyazovL3VzL0xPQ0FUSU9OL2RhMjg4MTdjLWZmMDItNDYxOS1iZmU1LTE0MjllMDBhYTlmYg,,,,,,{},,,locations.details,,,False,
,,,,,,,,,,,Y2lzY29zcGFyazovL3VzL0xPQ0FUSU9OL2RhMjg4MTdjLWZmMDItNDYxOS1iZmU1LTE0MjllMDBhYTlmYg,,,,,,{},,,locations.details,,,False,
,,,,,,,,,,,Y2lzY29zcGFyazovL3VzL0xPQ0FUSU9OLzA2NzA4ZWUzLTQ1Y2MtNDFlNy1iNjg5LWZmMDU0M2MxZWQ3MQ,,,,,,{},,,locations.details,,,False,
,,,,,,,,,,,Y2lzY29zcGFyazovL3VzL0xPQ0FUSU9OLzA2NzA4ZWUzLTQ1Y2MtNDFlNy1iNjg5LWZmMDU0M2MxZWQ3MQ,,,,,,{},,,locations.details,,,False,
,,,,,,,,,,,Y2lzY29zcGFyazovL3VzL0xPQ0FUSU9OLzA2NzA4ZWUzLTQ1Y2MtNDFlNy1iNjg5LWZmMDU0M2MxZWQ3MQ,,,,,,{},,,locations.details,,,False,
,,,,,,,,,,,Y2lzY29zcGFyazovL3VzL0xPQ0FUSU9OLzA2NzA4ZWUzLTQ1Y2MtNDFlNy1iNjg5LWZmMDU0M2MxZWQ3MQ,,,,,,{},,,locations.details,,,False,
,,,,,,,,,,,Y2lzY29zcGFyazovL3VzL0xPQ0FUSU9OLzA2NzA4ZWUzLTQ1Y2MtNDFlNy1iNjg5LWZmMDU0M2MxZWQ3MQ,,,,,,{},,,locations.details,,,False,
,,,,,,,,,,,Y2lzY29zcGFyazovL3VzL0xPQ0FUSU9OLzA2NzA4ZWUzLTQ1Y2MtNDFlNy1iNjg5LWZmMDU0M2MxZWQ3MQ,,,,,,{},,,locations.details,,,False,
,,,,,,,,,,,Y2lzY29zcGFyazovL3VzL0xPQ0FUSU9OLzA2NzA4ZWUzLTQ1Y2MtNDFlNy1iNjg5LWZmMDU0M2MxZWQ3MQ,,,,,,{},,,locations.details,,,False,
,,,,,,,,,,,Y2lzY29zcGFyazovL3VzL0xPQ0FUSU9OLzA2NzA4ZWUzLTQ1Y2MtNDFlNy1iNjg5LWZmMDU0M2MxZWQ3MQ,,,,,,{},,,locations.details,,,False,
,,,,,,,,,,,Y2lzY29zcGFyazovL3VzL0xPQ0FUSU9OLzA2NzA4ZWUzLTQ1Y2MtNDFlNy1iNjg5LWZmMDU0M2MxZWQ3MQ,,,,,,{},,,locations.details,,,False,
,,,,,,,,,,,Y2lzY29zcGFyazovL3VzL0xPQ0FUSU9OLzA2NzA4ZWUzLTQ1Y2MtNDFlNy1iNjg5LWZmMDU0M2MxZWQ3MQ,,,,,,{},,,locations.details,,,False,
,,,,,,,,,,,Y2lzY29zcGFyazovL3VzL0xPQ0FUSU9OL2IwNDE5OWM5LTcwMTEtNGEwYy1iYTQ1LWRjYmU1NzAzOWNmYQ,,,,,,{},,,locations.details,,,False,
,,,,,,,,,,,Y2lzY29zcGFyazovL3VzL0xPQ0FUSU9OL2IwNDE5OWM5LTcwMTEtNGEwYy1iYTQ1LWRjYmU1NzAzOWNmYQ,,,,,,{},,,locations.details,,,False,
,,,,,,,,,,,Y2lzY29zcGFyazovL3VzL0xPQ0FUSU9OL2IwNDE5OWM5LTcwMTEtNGEwYy1iYTQ1LWRjYmU1NzAzOWNmYQ,,,,,,{},,,locations.details,,,False,
,,,,,,,,,,,Y2lzY29zcGFyazovL3VzL0xPQ0FUSU9OL2IwNDE5OWM5LTcwMTEtNGEwYy1iYTQ1LWRjYmU1NzAzOWNmYQ,,,,,,{},,,locations.details,,,False,
,,,,,,,,,,,Y2lzY29zcGFyazovL3VzL0xPQ0FUSU9OL2IwNDE5OWM5LTcwMTEtNGEwYy1iYTQ1LWRjYmU1NzAzOWNmYQ,,,,,,{},,,locations.details,,,False,
,,,,,,,,,,,Y2lzY29zcGFyazovL3VzL0xPQ0FUSU9OL2IwNDE5OWM5LTcwMTEtNGEwYy1iYTQ1LWRjYmU1NzAzOWNmYQ,,,,,,{},,,locations.details,,,False,
,,,,,,,,,,,Y2lzY29zcGFyazovL3VzL0xPQ0FUSU9OL2IwNDE5OWM5LTcwMTEtNGEwYy1iYTQ1LWRjYmU1NzAzOWNmYQ,,,,,,{},,,locations.details,,,False,
,,,,,,,,,,,Y2lzY29zcGFyazovL3VzL0xPQ0FUSU9OL2IwNDE5OWM5LTcwMTEtNGEwYy1iYTQ1LWRjYmU1NzAzOWNmYQ,,,,,,{},,,locations.details,,,False,
,,,,,,,,,,,Y2lzY29zcGFyazovL3VzL0xPQ0FUSU9OL2IwNDE5OWM5LTcwMTEtNGEwYy1iYTQ1LWRjYmU1NzAzOWNmYQ,,,,,,{},,,locations.details,,,False,
,,,,,,,,,,,Y2lzY29zcGFyazovL3VzL0xPQ0FUSU9OL2IwNDE5OWM5LTcwMTEtNGEwYy1iYTQ1LWRjYmU1NzAzOWNmYQ,,,,,,{},,,locations.details,,,False,
,,,,,,,,,,,Y2lzY29zcGFyazovL3VzL0xPQ0FUSU9OLzRmZmQ4YmYzLWRlMzEtNDQxMi04ZGRhLWI0NDI0YjExOWI0OA,,,,,,{},,,locations.details,,,False,
,,,,,,,,,,,Y2lzY29zcGFyazovL3VzL0xPQ0FUSU9OLzRmZmQ4YmYzLWRlMzEtNDQxMi04ZGRhLWI0NDI0YjExOWI0OA,,,,,,{},,,locations.details,,,False,
,,,,,,,,,,,Y2lzY29zcGFyazovL3VzL0xPQ0FUSU9OLzRmZmQ4YmYzLWRlMzEtNDQxMi04ZGRhLWI0NDI0YjExOWI0OA,,,,,,{},,,locations.details,,,False,
,,,,,,,,,,,Y2lzY29zcGFyazovL3VzL0xPQ0FUSU9OLzRmZmQ4YmYzLWRlMzEtNDQxMi04ZGRhLWI0NDI0YjExOWI0OA,,,,,,{},,,locations.details,,,False,
,,,,,,,,,,,Y2lzY29zcGFyazovL3VzL0xPQ0FUSU9OLzRmZmQ4YmYzLWRlMzEtNDQxMi04ZGRhLWI0NDI0YjExOWI0OA,,,,,,{},,,locations.details,,,False,
,,,,,,,,,,,Y2lzY29zcGFyazovL3VzL0xPQ0FUSU9OLzRmZmQ4YmYzLWRlMzEtNDQxMi04ZGRhLWI0NDI0YjExOWI0OA,,,,,,{},,,locations.details,,,False,
,,,,,,,,,,,Y2lzY29zcGFyazovL3VzL0xPQ0FUSU9OLzRmZmQ4YmYzLWRlMzEtNDQxMi04ZGRhLWI0NDI0YjExOWI0OA,,,,,,{},,,locations.details,,,False,
,,,,,,,,,,,Y2lzY29zcGFyazovL3VzL0xPQ0FUSU9OLzRmZmQ4YmYzLWRlMzEtNDQxMi04ZGRhLWI0NDI0YjExOWI0OA,,,,,,{},,,locations.details,,,False,
,,,,,,,,,,,Y2lzY29zcGFyazovL3VzL0xPQ0FUSU9OLzRmZmQ4YmYzLWRlMzEtNDQxMi04ZGRhLWI0NDI0YjExOWI0OA,,,,,,{},,,locations.details,,,False,
,,,,,,,,,,,Y2lzY29zcGFyazovL3VzL0xPQ0FUSU9OLzRmZmQ4YmYzLWRlMzEtNDQxMi04ZGRhLWI0NDI0YjExOWI0OA,,,,,,{},,,locations.details,,,False,
