id,name,first_name,last_name,member_id,member_type,location_id,person_id,workspace_id,license_id,virtual_line_id,group_id,route_group_id,connection_type,language,address_1,city,state,postal_code,country,direct_number,webex_calling_enabled,source_method,raw_keys,raw_json
,,,,,,,,Y2lzY29zcGFyazovL3VybjpURUFNOnVzLXdlc3QtMl9yL1BMQUNFL2IwYTRkZjI1LTU2MDYtNDI4Zi1iMTYzLWE5YTZkYTk5MWY3YQ==,,,,,,,,,,,,,False,workspaces.details,,{}
,,,,,,,,Y2lzY29zcGFyazovL3VybjpURUFNOnVzLXdlc3QtMl9yL1BMQUNFL2IwYTRkZjI1LTU2MDYtNDI4Zi1iMTYzLWE5YTZkYTk5MWY3YQ==,,,,,,,,,,,,,False,workspaces.details,,{}
,,,,,,,,Y2lzY29zcGFyazovL3VybjpURUFNOnVzLXdlc3QtMl9yL1BMQUNFL2IwYTRkZjI1LTU2MDYtNDI4Zi1iMTYzLWE5YTZkYTk5MWY3YQ==,,,,,,,,,,,,,False,workspaces.details,,{}
,,,,,,,,Y2lzY29zcGFyazovL3VybjpURUFNOnVzLXdlc3QtMl9yL1BMQUNFL2IwYTRkZjI1LTU2MDYtNDI4Zi1iMTYzLWE5YTZkYTk5MWY3YQ==,,,,,,,,,,,,,False,workspaces.details,,{}
,,,,,,,,Y2lzY29zcGFyazovL3VybjpURUFNOnVzLXdlc3QtMl9yL1BMQUNFL2IwYTRkZjI1LTU2MDYtNDI4Zi1iMTYzLWE5YTZkYTk5MWY3YQ==,,,,,,,,,,,,,False,workspaces.details,,{}
,,,,,,,,Y2lzY29zcGFyazovL3VybjpURUFNOnVzLXdlc3QtMl9yL1BMQUNFL2IwYTRkZjI1LTU2MDYtNDI4Zi1iMTYzLWE5YTZkYTk5MWY3YQ==,,,,,,,,,,,,,False,workspaces.details,,{}
,,,,,,,,Y2lzY29zcGFyazovL3VybjpURUFNOnVzLXdlc3QtMl9yL1BMQUNFL2IwYTRkZjI1LTU2MDYtNDI4Zi1iMTYzLWE5YTZkYTk5MWY3YQ==,,,,,,,,,,,,,False,workspaces.details,,{}
,,,,,,,,Y2lzY29zcGFyazovL3VybjpURUFNOnVzLXdlc3QtMl9yL1BMQUNFL2IwYTRkZjI1LTU2MDYtNDI4Zi1iMTYzLWE5YTZkYTk5MWY3YQ==,,,,,,,,,,,,,False,workspaces.details,,{}
,,,,,,,,Y2lzY29zcGFyazovL3VybjpURUFNOnVzLXdlc3QtMl9yL1BMQUNFL2IwYTRkZjI1LTU2MDYtNDI4Zi1iMTYzLWE5YTZkYTk5MWY3YQ==,,,,,,,,,,,,,False,workspaces.details,,{}
,,,,,,,,Y2lzY29zcGFyazovL3VybjpURUFNOnVzLXdlc3QtMl9yL1BMQUNFL2IwYTRkZjI1LTU2MDYtNDI4Zi1iMTYzLWE5YTZkYTk5MWY3YQ==,,,,,,,,,,,,,False,workspaces.details,,{}
,,,,,,,,Y2lzY29zcGFyazovL3VybjpURUFNOnVzLXdlc3QtMl9yL1BMQUNFL2IwYTRkZjI1LTU2MDYtNDI4Zi1iMTYzLWE5YTZkYTk5MWY3YQ==,,,,,,,,,,,,,False,workspaces.details,,{}
,,,,,,,,Y2lzY29zcGFyazovL3VybjpURUFNOnVzLXdlc3QtMl9yL1BMQUNFL2IwYTRkZjI1LTU2MDYtNDI4Zi1iMTYzLWE5YTZkYTk5MWY3YQ==,,,,,,,,,,,,,False,workspaces.details,,{}
,,,,,,,,Y2lzY29zcGFyazovL3VybjpURUFNOnVzLXdlc3QtMl9yL1BMQUNFL2IwYTRkZjI1LTU2MDYtNDI4Zi1iMTYzLWE5YTZkYTk5MWY3YQ==,,,,,,,,,,,,,False,workspaces.details,,{}
,,,,,,,,Y2lzY29zcGFyazovL3VybjpURUFNOnVzLXdlc3QtMl9yL1BMQUNFL2IwYTRkZjI1LTU2MDYtNDI4Zi1iMTYzLWE5YTZkYTk5MWY3YQ==,,,,,,,,,,,,,False,workspaces.details,,{}
,,,,,,,,Y2lzY29zcGFyazovL3VybjpURUFNOnVzLXdlc3QtMl9yL1BMQUNFL2IwYTRkZjI1LTU2MDYtNDI4Zi1iMTYzLWE5YTZkYTk5MWY3YQ==,,,,,,,,,,,,,False,workspaces.details,,{}
,,,,,,,,Y2lzY29zcGFyazovL3VybjpURUFNOnVzLXdlc3QtMl9yL1BMQUNFL2IwYTRkZjI1LTU2MDYtNDI4Zi1iMTYzLWE5YTZkYTk5MWY3YQ==,,,,,,,,,,,,,False,workspaces.details,,{}
,,,,,,,,Y2lzY29zcGFyazovL3VybjpURUFNOnVzLXdlc3QtMl9yL1BMQUNFL2IwYTRkZjI1LTU2MDYtNDI4Zi1iMTYzLWE5YTZkYTk5MWY3YQ==,,,,,,,,,,,,,False,workspaces.details,,{}
,,,,,,,,Y2lzY29zcGFyazovL3VybjpURUFNOnVzLXdlc3QtMl9yL1BMQUNFL2IwYTRkZjI1LTU2MDYtNDI4Zi1iMTYzLWE5YTZkYTk5MWY3YQ==,,,,,,,,,,,,,False,workspaces.details,,{}
,,,,,,,,Y2lzY29zcGFyazovL3VybjpURUFNOnVzLXdlc3QtMl9yL1BMQUNFL2IwYTRkZjI1LTU2MDYtNDI4Zi1iMTYzLWE5YTZkYTk5MWY3YQ==,,,,,,,,,,,,,False,workspaces.details,,{}
,,,,,,,,Y2lzY29zcGFyazovL3VybjpURUFNOnVzLXdlc3QtMl9yL1BMQUNFL2IwYTRkZjI1LTU2MDYtNDI4Zi1iMTYzLWE5YTZkYTk5MWY3YQ==,,,,,,,,,,,,,False,workspaces.details,,{}
,,,,,,,,Y2lzY29zcGFyazovL3VybjpURUFNOnVzLXdlc3QtMl9yL1BMQUNFL2IwYTRkZjI1LTU2MDYtNDI4Zi1iMTYzLWE5YTZkYTk5MWY3YQ==,,,,,,,,,,,,,False,workspaces.details,,{}
,,,,,,,,Y2lzY29zcGFyazovL3VybjpURUFNOnVzLXdlc3QtMl9yL1BMQUNFL2IwYTRkZjI1LTU2MDYtNDI4Zi1iMTYzLWE5YTZkYTk5MWY3YQ==,,,,,,,,,,,,,False,workspaces.details,,{}
,,,,,,,,Y2lzY29zcGFyazovL3VybjpURUFNOnVzLXdlc3QtMl9yL1BMQUNFL2IwYTRkZjI1LTU2MDYtNDI4Zi1iMTYzLWE5YTZkYTk5MWY3YQ==,,,,,,,,,,,,,False,workspaces.details,,{}
,,,,,,,,Y2lzY29zcGFyazovL3VybjpURUFNOnVzLXdlc3QtMl9yL1BMQUNFLzM3ZjEzYTZmLWNmM2EtNDk3Mi1hMzI4LTJmYjFhMTk4MjkyMw==,,,,,,,,,,,,,False,workspaces.details,,{}
,,,,,,,,Y2lzY29zcGFyazovL3VybjpURUFNOnVzLXdlc3QtMl9yL1BMQUNFLzM3ZjEzYTZmLWNmM2EtNDk3Mi1hMzI4LTJmYjFhMTk4MjkyMw==,,,,,,,,,,,,,False,workspaces.details,,{}
,,,,,,,,Y2lzY29zcGFyazovL3VybjpURUFNOnVzLXdlc3QtMl9yL1BMQUNFLzM3ZjEzYTZmLWNmM2EtNDk3Mi1hMzI4LTJmYjFhMTk4MjkyMw==,,,,,,,,,,,,,False,workspaces.details,,{}
,,,,,,,,Y2lzY29zcGFyazovL3VybjpURUFNOnVzLXdlc3QtMl9yL1BMQUNFLzM3ZjEzYTZmLWNmM2EtNDk3Mi1hMzI4LTJmYjFhMTk4MjkyMw==,,,,,,,,,,,,,False,workspaces.details,,{}
,,,,,,,,Y2lzY29zcGFyazovL3VybjpURUFNOnVzLXdlc3QtMl9yL1BMQUNFLzM3ZjEzYTZmLWNmM2EtNDk3Mi1hMzI4LTJmYjFhMTk4MjkyMw==,,,,,,,,,,,,,False,workspaces.details,,{}
,,,,,,,,Y2lzY29zcGFyazovL3VybjpURUFNOnVzLXdlc3QtMl9yL1BMQUNFLzM3ZjEzYTZmLWNmM2EtNDk3Mi1hMzI4LTJmYjFhMTk4MjkyMw==,,,,,,,,,,,,,False,workspaces.details,,{}
,,,,,,,,Y2lzY29zcGFyazovL3VybjpURUFNOnVzLXdlc3QtMl9yL1BMQUNFLzM3ZjEzYTZmLWNmM2EtNDk3Mi1hMzI4LTJmYjFhMTk4MjkyMw==,,,,,,,,,,,,,False,workspaces.details,,{}
,,,,,,,,Y2lzY29zcGFyazovL3VybjpURUFNOnVzLXdlc3QtMl9yL1BMQUNFLzM3ZjEzYTZmLWNmM2EtNDk3Mi1hMzI4LTJmYjFhMTk4MjkyMw==,,,,,,,,,,,,,False,workspaces.details,,{}
,,,,,,,,Y2lzY29zcGFyazovL3VybjpURUFNOnVzLXdlc3QtMl9yL1BMQUNFLzM3ZjEzYTZmLWNmM2EtNDk3Mi1hMzI4LTJmYjFhMTk4MjkyMw==,,,,,,,,,,,,,False,workspaces.details,,{}
,,,,,,,,Y2lzY29zcGFyazovL3VybjpURUFNOnVzLXdlc3QtMl9yL1BMQUNFLzM3ZjEzYTZmLWNmM2EtNDk3Mi1hMzI4LTJmYjFhMTk4MjkyMw==,,,,,,,,,,,,,False,workspaces.details,,{}
,,,,,,,,Y2lzY29zcGFyazovL3VybjpURUFNOnVzLXdlc3QtMl9yL1BMQUNFLzM3ZjEzYTZmLWNmM2EtNDk3Mi1hMzI4LTJmYjFhMTk4MjkyMw==,,,,,,,,,,,,,False,workspaces.details,,{}
,,,,,,,,Y2lzY29zcGFyazovL3VybjpURUFNOnVzLXdlc3QtMl9yL1BMQUNFLzM3ZjEzYTZmLWNmM2EtNDk3Mi1hMzI4LTJmYjFhMTk4MjkyMw==,,,,,,,,,,,,,False,workspaces.details,,{}
,,,,,,,,Y2lzY29zcGFyazovL3VybjpURUFNOnVzLXdlc3QtMl9yL1BMQUNFLzM3ZjEzYTZmLWNmM2EtNDk3Mi1hMzI4LTJmYjFhMTk4MjkyMw==,,,,,,,,,,,,,False,workspaces.details,,{}
,,,,,,,,Y2lzY29zcGFyazovL3VybjpURUFNOnVzLXdlc3QtMl9yL1BMQUNFLzM3ZjEzYTZmLWNmM2EtNDk3Mi1hMzI4LTJmYjFhMTk4MjkyMw==,,,,,,,,,,,,,False,workspaces.details,,{}
,,,,,,,,Y2lzY29zcGFyazovL3VybjpURUFNOnVzLXdlc3QtMl9yL1BMQUNFLzM3ZjEzYTZmLWNmM2EtNDk3Mi1hMzI4LTJmYjFhMTk4MjkyMw==,,,,,,,,,,,,,False,workspaces.details,,{}
,,,,,,,,Y2lzY29zcGFyazovL3VybjpURUFNOnVzLXdlc3QtMl9yL1BMQUNFLzM3ZjEzYTZmLWNmM2EtNDk3Mi1hMzI4LTJmYjFhMTk4MjkyMw==,,,,,,,,,,,,,False,workspaces.details,,{}
,,,,,,,,Y2lzY29zcGFyazovL3VybjpURUFNOnVzLXdlc3QtMl9yL1BMQUNFLzM3ZjEzYTZmLWNmM2EtNDk3Mi1hMzI4LTJmYjFhMTk4MjkyMw==,,,,,,,,,,,,,False,workspaces.details,,{}
,,,,,,,,Y2lzY29zcGFyazovL3VybjpURUFNOnVzLXdlc3QtMl9yL1BMQUNFLzM3ZjEzYTZmLWNmM2EtNDk3Mi1hMzI4LTJmYjFhMTk4MjkyMw==,,,,,,,,,,,,,False,workspaces.details,,{}
,,,,,,,,Y2lzY29zcGFyazovL3VybjpURUFNOnVzLXdlc3QtMl9yL1BMQUNFLzM3ZjEzYTZmLWNmM2EtNDk3Mi1hMzI4LTJmYjFhMTk4MjkyMw==,,,,,,,,,,,,,False,workspaces.details,,{}
,,,,,,,,Y2lzY29zcGFyazovL3VybjpURUFNOnVzLXdlc3QtMl9yL1BMQUNFLzM3ZjEzYTZmLWNmM2EtNDk3Mi1hMzI4LTJmYjFhMTk4MjkyMw==,,,,,,,,,,,,,False,workspaces.details,,{}
,,,,,,,,Y2lzY29zcGFyazovL3VybjpURUFNOnVzLXdlc3QtMl9yL1BMQUNFLzM3ZjEzYTZmLWNmM2EtNDk3Mi1hMzI4LTJmYjFhMTk4MjkyMw==,,,,,,,,,,,,,False,workspaces.details,,{}
,,,,,,,,Y2lzY29zcGFyazovL3VybjpURUFNOnVzLXdlc3QtMl9yL1BMQUNFLzM3ZjEzYTZmLWNmM2EtNDk3Mi1hMzI4LTJmYjFhMTk4MjkyMw==,,,,,,,,,,,,,False,workspaces.details,,{}
,,,,,,,,Y2lzY29zcGFyazovL3VybjpURUFNOnVzLXdlc3QtMl9yL1BMQUNFLzM3ZjEzYTZmLWNmM2EtNDk3Mi1hMzI4LTJmYjFhMTk4MjkyMw==,,,,,,,,,,,,,False,workspaces.details,,{}
,,,,,,,,Y2lzY29zcGFyazovL3VybjpURUFNOnVzLXdlc3QtMl9yL1BMQUNFLzQyOGI3NzVhLWYxNTgtNDVkOC1hOTJhLTg1OTllNTVjM2UxYw==,,,,,,,,,,,,,False,workspaces.details,,{}
,,,,,,,,Y2lzY29zcGFyazovL3VybjpURUFNOnVzLXdlc3QtMl9yL1BMQUNFLzQyOGI3NzVhLWYxNTgtNDVkOC1hOTJhLTg1OTllNTVjM2UxYw==,,,,,,,,,,,,,False,workspaces.details,,{}
,,,,,,,,Y2lzY29zcGFyazovL3VybjpURUFNOnVzLXdlc3QtMl9yL1BMQUNFLzQyOGI3NzVhLWYxNTgtNDVkOC1hOTJhLTg1OTllNTVjM2UxYw==,,,,,,,,,,,,,False,workspaces.details,,{}
,,,,,,,,Y2lzY29zcGFyazovL3VybjpURUFNOnVzLXdlc3QtMl9yL1BMQUNFLzQyOGI3NzVhLWYxNTgtNDVkOC1hOTJhLTg1OTllNTVjM2UxYw==,,,,,,,,,,,,,False,workspaces.details,,{}
,,,,,,,,Y2lzY29zcGFyazovL3VybjpURUFNOnVzLXdlc3QtMl9yL1BMQUNFLzQyOGI3NzVhLWYxNTgtNDVkOC1hOTJhLTg1OTllNTVjM2UxYw==,,,,,,,,,,,,,False,workspaces.details,,{}
,,,,,,,,Y2lzY29zcGFyazovL3VybjpURUFNOnVzLXdlc3QtMl9yL1BMQUNFLzQyOGI3NzVhLWYxNTgtNDVkOC1hOTJhLTg1OTllNTVjM2UxYw==,,,,,,,,,,,,,False,workspaces.details,,{}
,,,,,,,,Y2lzY29zcGFyazovL3VybjpURUFNOnVzLXdlc3QtMl9yL1BMQUNFLzQyOGI3NzVhLWYxNTgtNDVkOC1hOTJhLTg1OTllNTVjM2UxYw==,,,,,,,,,,,,,False,workspaces.details,,{}
,,,,,,,,Y2lzY29zcGFyazovL3VybjpURUFNOnVzLXdlc3QtMl9yL1BMQUNFLzQyOGI3NzVhLWYxNTgtNDVkOC1hOTJhLTg1OTllNTVjM2UxYw==,,,,,,,,,,,,,False,workspaces.details,,{}
,,,,,,,,Y2lzY29zcGFyazovL3VybjpURUFNOnVzLXdlc3QtMl9yL1BMQUNFLzQyOGI3NzVhLWYxNTgtNDVkOC1hOTJhLTg1OTllNTVjM2UxYw==,,,,,,,,,,,,,False,workspaces.details,,{}
,,,,,,,,Y2lzY29zcGFyazovL3VybjpURUFNOnVzLXdlc3QtMl9yL1BMQUNFLzQyOGI3NzVhLWYxNTgtNDVkOC1hOTJhLTg1OTllNTVjM2UxYw==,,,,,,,,,,,,,False,workspaces.details,,{}
,,,,,,,,Y2lzY29zcGFyazovL3VybjpURUFNOnVzLXdlc3QtMl9yL1BMQUNFLzQyOGI3NzVhLWYxNTgtNDVkOC1hOTJhLTg1OTllNTVjM2UxYw==,,,,,,,,,,,,,False,workspaces.details,,{}
,,,,,,,,Y2lzY29zcGFyazovL3VybjpURUFNOnVzLXdlc3QtMl9yL1BMQUNFLzQyOGI3NzVhLWYxNTgtNDVkOC1hOTJhLTg1OTllNTVjM2UxYw==,,,,,,,,,,,,,False,workspaces.details,,{}
,,,,,,,,Y2lzY29zcGFyazovL3VybjpURUFNOnVzLXdlc3QtMl9yL1BMQUNFLzQyOGI3NzVhLWYxNTgtNDVkOC1hOTJhLTg1OTllNTVjM2UxYw==,,,,,,,,,,,,,False,workspaces.details,,{}
,,,,,,,,Y2lzY29zcGFyazovL3VybjpURUFNOnVzLXdlc3QtMl9yL1BMQUNFLzQyOGI3NzVhLWYxNTgtNDVkOC1hOTJhLTg1OTllNTVjM2UxYw==,,,,,,,,,,,,,False,workspaces.details,,{}
,,,,,,,,Y2lzY29zcGFyazovL3VybjpURUFNOnVzLXdlc3QtMl9yL1BMQUNFLzQyOGI3NzVhLWYxNTgtNDVkOC1hOTJhLTg1OTllNTVjM2UxYw==,,,,,,,,,,,,,False,workspaces.details,,{}
,,,,,,,,Y2lzY29zcGFyazovL3VybjpURUFNOnVzLXdlc3QtMl9yL1BMQUNFLzQyOGI3NzVhLWYxNTgtNDVkOC1hOTJhLTg1OTllNTVjM2UxYw==,,,,,,,,,,,,,False,workspaces.details,,{}
,,,,,,,,Y2lzY29zcGFyazovL3VybjpURUFNOnVzLXdlc3QtMl9yL1BMQUNFLzQyOGI3NzVhLWYxNTgtNDVkOC1hOTJhLTg1OTllNTVjM2UxYw==,,,,,,,,,,,,,False,workspaces.details,,{}
,,,,,,,,Y2lzY29zcGFyazovL3VybjpURUFNOnVzLXdlc3QtMl9yL1BMQUNFLzQyOGI3NzVhLWYxNTgtNDVkOC1hOTJhLTg1OTllNTVjM2UxYw==,,,,,,,,,,,,,False,workspaces.details,,{}
,,,,,,,,Y2lzY29zcGFyazovL3VybjpURUFNOnVzLXdlc3QtMl9yL1BMQUNFLzQyOGI3NzVhLWYxNTgtNDVkOC1hOTJhLTg1OTllNTVjM2UxYw==,,,,,,,,,,,,,False,workspaces.details,,{}
,,,,,,,,Y2lzY29zcGFyazovL3VybjpURUFNOnVzLXdlc3QtMl9yL1BMQUNFLzQyOGI3NzVhLWYxNTgtNDVkOC1hOTJhLTg1OTllNTVjM2UxYw==,,,,,,,,,,,,,False,workspaces.details,,{}
,,,,,,,,Y2lzY29zcGFyazovL3VybjpURUFNOnVzLXdlc3QtMl9yL1BMQUNFLzQyOGI3NzVhLWYxNTgtNDVkOC1hOTJhLTg1OTllNTVjM2UxYw==,,,,,,,,,,,,,False,workspaces.details,,{}
,,,,,,,,Y2lzY29zcGFyazovL3VybjpURUFNOnVzLXdlc3QtMl9yL1BMQUNFLzQyOGI3NzVhLWYxNTgtNDVkOC1hOTJhLTg1OTllNTVjM2UxYw==,,,,,,,,,,,,,False,workspaces.details,,{}
,,,,,,,,Y2lzY29zcGFyazovL3VybjpURUFNOnVzLXdlc3QtMl9yL1BMQUNFLzQyOGI3NzVhLWYxNTgtNDVkOC1hOTJhLTg1OTllNTVjM2UxYw==,,,,,,,,,,,,,False,workspaces.details,,{}
,,,,,,,,Y2lzY29zcGFyazovL3VybjpURUFNOnVzLXdlc3QtMl9yL1BMQUNFLzZkMmRmZTViLWM3OTctNGRmMy1iMmVmLWJkMDc2ZjMwMDgyOA==,,,,,,,,,,,,,False,workspaces.details,,{}
,,,,,,,,Y2lzY29zcGFyazovL3VybjpURUFNOnVzLXdlc3QtMl9yL1BMQUNFLzZkMmRmZTViLWM3OTctNGRmMy1iMmVmLWJkMDc2ZjMwMDgyOA==,,,,,,,,,,,,,False,workspaces.details,,{}
,,,,,,,,Y2lzY29zcGFyazovL3VybjpURUFNOnVzLXdlc3QtMl9yL1BMQUNFLzZkMmRmZTViLWM3OTctNGRmMy1iMmVmLWJkMDc2ZjMwMDgyOA==,,,,,,,,,,,,,False,workspaces.details,,{}
,,,,,,,,Y2lzY29zcGFyazovL3VybjpURUFNOnVzLXdlc3QtMl9yL1BMQUNFLzZkMmRmZTViLWM3OTctNGRmMy1iMmVmLWJkMDc2ZjMwMDgyOA==,,,,,,,,,,,,,False,workspaces.details,,{}
,,,,,,,,Y2lzY29zcGFyazovL3VybjpURUFNOnVzLXdlc3QtMl9yL1BMQUNFLzZkMmRmZTViLWM3OTctNGRmMy1iMmVmLWJkMDc2ZjMwMDgyOA==,,,,,,,,,,,,,False,workspaces.details,,{}
,,,,,,,,Y2lzY29zcGFyazovL3VybjpURUFNOnVzLXdlc3QtMl9yL1BMQUNFLzZkMmRmZTViLWM3OTctNGRmMy1iMmVmLWJkMDc2ZjMwMDgyOA==,,,,,,,,,,,,,False,workspaces.details,,{}
,,,,,,,,Y2lzY29zcGFyazovL3VybjpURUFNOnVzLXdlc3QtMl9yL1BMQUNFLzZkMmRmZTViLWM3OTctNGRmMy1iMmVmLWJkMDc2ZjMwMDgyOA==,,,,,,,,,,,,,False,workspaces.details,,{}
,,,,,,,,Y2lzY29zcGFyazovL3VybjpURUFNOnVzLXdlc3QtMl9yL1BMQUNFLzZkMmRmZTViLWM3OTctNGRmMy1iMmVmLWJkMDc2ZjMwMDgyOA==,,,,,,,,,,,,,False,workspaces.details,,{}
,,,,,,,,Y2lzY29zcGFyazovL3VybjpURUFNOnVzLXdlc3QtMl9yL1BMQUNFLzZkMmRmZTViLWM3OTctNGRmMy1iMmVmLWJkMDc2ZjMwMDgyOA==,,,,,,,,,,,,,False,workspaces.details,,{}
,,,,,,,,Y2lzY29zcGFyazovL3VybjpURUFNOnVzLXdlc3QtMl9yL1BMQUNFLzZkMmRmZTViLWM3OTctNGRmMy1iMmVmLWJkMDc2ZjMwMDgyOA==,,,,,,,,,,,,,False,workspaces.details,,{}
,,,,,,,,Y2lzY29zcGFyazovL3VybjpURUFNOnVzLXdlc3QtMl9yL1BMQUNFLzZkMmRmZTViLWM3OTctNGRmMy1iMmVmLWJkMDc2ZjMwMDgyOA==,,,,,,,,,,,,,False,workspaces.details,,{}
,,,,,,,,Y2lzY29zcGFyazovL3VybjpURUFNOnVzLXdlc3QtMl9yL1BMQUNFLzZkMmRmZTViLWM3OTctNGRmMy1iMmVmLWJkMDc2ZjMwMDgyOA==,,,,,,,,,,,,,False,workspaces.details,,{}
,,,,,,,,Y2lzY29zcGFyazovL3VybjpURUFNOnVzLXdlc3QtMl9yL1BMQUNFLzZkMmRmZTViLWM3OTctNGRmMy1iMmVmLWJkMDc2ZjMwMDgyOA==,,,,,,,,,,,,,False,workspaces.details,,{}
,,,,,,,,Y2lzY29zcGFyazovL3VybjpURUFNOnVzLXdlc3QtMl9yL1BMQUNFLzZkMmRmZTViLWM3OTctNGRmMy1iMmVmLWJkMDc2ZjMwMDgyOA==,,,,,,,,,,,,,False,workspaces.details,,{}
,,,,,,,,Y2lzY29zcGFyazovL3VybjpURUFNOnVzLXdlc3QtMl9yL1BMQUNFLzZkMmRmZTViLWM3OTctNGRmMy1iMmVmLWJkMDc2ZjMwMDgyOA==,,,,,,,,,,,,,False,workspaces.details,,{}
,,,,,,,,Y2lzY29zcGFyazovL3VybjpURUFNOnVzLXdlc3QtMl9yL1BMQUNFLzZkMmRmZTViLWM3OTctNGRmMy1iMmVmLWJkMDc2ZjMwMDgyOA==,,,,,,,,,,,,,False,workspaces.details,,{}
,,,,,,,,Y2lzY29zcGFyazovL3VybjpURUFNOnVzLXdlc3QtMl9yL1BMQUNFLzZkMmRmZTViLWM3OTctNGRmMy1iMmVmLWJkMDc2ZjMwMDgyOA==,,,,,,,,,,,,,False,workspaces.details,,{}
,,,,,,,,Y2lzY29zcGFyazovL3VybjpURUFNOnVzLXdlc3QtMl9yL1BMQUNFLzZkMmRmZTViLWM3OTctNGRmMy1iMmVmLWJkMDc2ZjMwMDgyOA==,,,,,,,,,,,,,False,workspaces.details,,{}
,,,,,,,,Y2lzY29zcGFyazovL3VybjpURUFNOnVzLXdlc3QtMl9yL1BMQUNFLzZkMmRmZTViLWM3OTctNGRmMy1iMmVmLWJkMDc2ZjMwMDgyOA==,,,,,,,,,,,,,False,workspaces.details,,{}
,,,,,,,,Y2lzY29zcGFyazovL3VybjpURUFNOnVzLXdlc3QtMl9yL1BMQUNFLzZkMmRmZTViLWM3OTctNGRmMy1iMmVmLWJkMDc2ZjMwMDgyOA==,,,,,,,,,,,,,False,workspaces.details,,{}
,,,,,,,,Y2lzY29zcGFyazovL3VybjpURUFNOnVzLXdlc3QtMl9yL1BMQUNFLzZkMmRmZTViLWM3OTctNGRmMy1iMmVmLWJkMDc2ZjMwMDgyOA==,,,,,,,,,,,,,False,workspaces.details,,{}
,,,,,,,,Y2lzY29zcGFyazovL3VybjpURUFNOnVzLXdlc3QtMl9yL1BMQUNFLzZkMmRmZTViLWM3OTctNGRmMy1iMmVmLWJkMDc2ZjMwMDgyOA==,,,,,,,,,,,,,False,workspaces.details,,{}
,,,,,,,,Y2lzY29zcGFyazovL3VybjpURUFNOnVzLXdlc3QtMl9yL1BMQUNFLzZkMmRmZTViLWM3OTctNGRmMy1iMmVmLWJkMDc2ZjMwMDgyOA==,,,,,,,,,,,,,False,workspaces.details,,{}
,,,,,,,,Y2lzY29zcGFyazovL3VybjpURUFNOnVzLXdlc3QtMl9yL1BMQUNFLzU3MWFhOTQ2LTI1NTYtNGM4YS1hY2MwLTM2MzI2NDA3YzJlYw==,,,,,,,,,,,,,False,workspaces.details,,{}
,,,,,,,,Y2lzY29zcGFyazovL3VybjpURUFNOnVzLXdlc3QtMl9yL1BMQUNFLzU3MWFhOTQ2LTI1NTYtNGM4YS1hY2MwLTM2MzI2NDA3YzJlYw==,,,,,,,,,,,,,False,workspaces.details,,{}
,,,,,,,,Y2lzY29zcGFyazovL3VybjpURUFNOnVzLXdlc3QtMl9yL1BMQUNFLzU3MWFhOTQ2LTI1NTYtNGM4YS1hY2MwLTM2MzI2NDA3YzJlYw==,,,,,,,,,,,,,False,workspaces.details,,{}
,,,,,,,,Y2lzY29zcGFyazovL3VybjpURUFNOnVzLXdlc3QtMl9yL1BMQUNFLzU3MWFhOTQ2LTI1NTYtNGM4YS1hY2MwLTM2MzI2NDA3YzJlYw==,,,,,,,,,,,,,False,workspaces.details,,{}
,,,,,,,,Y2lzY29zcGFyazovL3VybjpURUFNOnVzLXdlc3QtMl9yL1BMQUNFLzU3MWFhOTQ2LTI1NTYtNGM4YS1hY2MwLTM2MzI2NDA3YzJlYw==,,,,,,,,,,,,,False,workspaces.details,,{}
,,,,,,,,Y2lzY29zcGFyazovL3VybjpURUFNOnVzLXdlc3QtMl9yL1BMQUNFLzU3MWFhOTQ2LTI1NTYtNGM4YS1hY2MwLTM2MzI2NDA3YzJlYw==,,,,,,,,,,,,,False,workspaces.details,,{}
,,,,,,,,Y2lzY29zcGFyazovL3VybjpURUFNOnVzLXdlc3QtMl9yL1BMQUNFLzU3MWFhOTQ2LTI1NTYtNGM4YS1hY2MwLTM2MzI2NDA3YzJlYw==,,,,,,,,,,,,,False,workspaces.details,,{}
,,,,,,,,Y2lzY29zcGFyazovL3VybjpURUFNOnVzLXdlc3QtMl9yL1BMQUNFLzU3MWFhOTQ2LTI1NTYtNGM4YS1hY2MwLTM2MzI2NDA3YzJlYw==,,,,,,,,,,,,,False,workspaces.details,,{}
,,,,,,,,Y2lzY29zcGFyazovL3VybjpURUFNOnVzLXdlc3QtMl9yL1BMQUNFLzU3MWFhOTQ2LTI1NTYtNGM4YS1hY2MwLTM2MzI2NDA3YzJlYw==,,,,,,,,,,,,,False,workspaces.details,,{}
,,,,,,,,Y2lzY29zcGFyazovL3VybjpURUFNOnVzLXdlc3QtMl9yL1BMQUNFLzU3MWFhOTQ2LTI1NTYtNGM4YS1hY2MwLTM2MzI2NDA3YzJlYw==,,,,,,,,,,,,,False,workspaces.details,,{}
,,,,,,,,Y2lzY29zcGFyazovL3VybjpURUFNOnVzLXdlc3QtMl9yL1BMQUNFLzU3MWFhOTQ2LTI1NTYtNGM4YS1hY2MwLTM2MzI2NDA3YzJlYw==,,,,,,,,,,,,,False,workspaces.details,,{}
,,,,,,,,Y2lzY29zcGFyazovL3VybjpURUFNOnVzLXdlc3QtMl9yL1BMQUNFLzU3MWFhOTQ2LTI1NTYtNGM4YS1hY2MwLTM2MzI2NDA3YzJlYw==,,,,,,,,,,,,,False,workspaces.details,,{}
,,,,,,,,Y2lzY29zcGFyazovL3VybjpURUFNOnVzLXdlc3QtMl9yL1BMQUNFLzU3MWFhOTQ2LTI1NTYtNGM4YS1hY2MwLTM2MzI2NDA3YzJlYw==,,,,,,,,,,,,,False,workspaces.details,,{}
,,,,,,,,Y2lzY29zcGFyazovL3VybjpURUFNOnVzLXdlc3QtMl9yL1BMQUNFLzU3MWFhOTQ2LTI1NTYtNGM4YS1hY2MwLTM2MzI2NDA3YzJlYw==,,,,,,,,,,,,,False,workspaces.details,,{}
,,,,,,,,Y2lzY29zcGFyazovL3VybjpURUFNOnVzLXdlc3QtMl9yL1BMQUNFLzU3MWFhOTQ2LTI1NTYtNGM4YS1hY2MwLTM2MzI2NDA3YzJlYw==,,,,,,,,,,,,,False,workspaces.details,,{}
,,,,,,,,Y2lzY29zcGFyazovL3VybjpURUFNOnVzLXdlc3QtMl9yL1BMQUNFLzU3MWFhOTQ2LTI1NTYtNGM4YS1hY2MwLTM2MzI2NDA3YzJlYw==,,,,,,,,,,,,,False,workspaces.details,,{}
,,,,,,,,Y2lzY29zcGFyazovL3VybjpURUFNOnVzLXdlc3QtMl9yL1BMQUNFLzU3MWFhOTQ2LTI1NTYtNGM4YS1hY2MwLTM2MzI2NDA3YzJlYw==,,,,,,,,,,,,,False,workspaces.details,,{}
,,,,,,,,Y2lzY29zcGFyazovL3VybjpURUFNOnVzLXdlc3QtMl9yL1BMQUNFLzU3MWFhOTQ2LTI1NTYtNGM4YS1hY2MwLTM2MzI2NDA3YzJlYw==,,,,,,,,,,,,,False,workspaces.details,,{}
,,,,,,,,Y2lzY29zcGFyazovL3VybjpURUFNOnVzLXdlc3QtMl9yL1BMQUNFLzU3MWFhOTQ2LTI1NTYtNGM4YS1hY2MwLTM2MzI2NDA3YzJlYw==,,,,,,,,,,,,,False,workspaces.details,,{}
,,,,,,,,Y2lzY29zcGFyazovL3VybjpURUFNOnVzLXdlc3QtMl9yL1BMQUNFLzU3MWFhOTQ2LTI1NTYtNGM4YS1hY2MwLTM2MzI2NDA3YzJlYw==,,,,,,,,,,,,,False,workspaces.details,,{}
,,,,,,,,Y2lzY29zcGFyazovL3VybjpURUFNOnVzLXdlc3QtMl9yL1BMQUNFLzU3MWFhOTQ2LTI1NTYtNGM4YS1hY2MwLTM2MzI2NDA3YzJlYw==,,,,,,,,,,,,,False,workspaces.details,,{}
,,,,,,,,Y2lzY29zcGFyazovL3VybjpURUFNOnVzLXdlc3QtMl9yL1BMQUNFLzU3MWFhOTQ2LTI1NTYtNGM4YS1hY2MwLTM2MzI2NDA3YzJlYw==,,,,,,,,,,,,,False,workspaces.details,,{}
,,,,,,,,Y2lzY29zcGFyazovL3VybjpURUFNOnVzLXdlc3QtMl9yL1BMQUNFLzU3MWFhOTQ2LTI1NTYtNGM4YS1hY2MwLTM2MzI2NDA3YzJlYw==,,,,,,,,,,,,,False,workspaces.details,,{}
